,n_counts,Age,batch,_scvi_batch,_scvi_labels,_scvi_local_l_mean,_scvi_local_l_var
SRR7408400,492781.0,embryonic day 13.5,0,0,0,12.958784103393555,0.21840500831604004
SRR7408401,804769.0,embryonic day 13.5,0,0,0,12.958784103393555,0.21840500831604004
SRR7408404,1562686.0,embryonic day 13.5,0,0,0,12.958784103393555,0.21840500831604004
SRR7408413,707476.0,embryonic day 13.5,0,0,0,12.958784103393555,0.21840500831604004
SRR7408414,1402388.0,embryonic day 13.5,0,0,0,12.958784103393555,0.21840500831604004
SRR7408418,247591.0,embryonic day 13.5,0,0,0,12.958784103393555,0.21840500831604004
SRR7408422,1864863.0,embryonic day 13.5,0,0,0,12.958784103393555,0.21840500831604004
SRR7408424,745396.0,embryonic day 13.5,0,0,0,12.958784103393555,0.21840500831604004
SRR7408426,669170.0,embryonic day 13.5,0,0,0,12.958784103393555,0.21840500831604004
SRR7408427,1001888.0,embryonic day 13.5,0,0,0,12.958784103393555,0.21840500831604004
SRR7408433,498988.0,embryonic day 13.5,0,0,0,12.958784103393555,0.21840500831604004
SRR7408437,643231.0,embryonic day 13.5,0,0,0,12.958784103393555,0.21840500831604004
SRR7408438,849453.0,embryonic day 13.5,0,0,0,12.958784103393555,0.21840500831604004
SRR7408444,817225.0,embryonic day 13.5,0,0,0,12.958784103393555,0.21840500831604004
SRR7408446,1219047.0,embryonic day 13.5,0,0,0,12.958784103393555,0.21840500831604004
SRR7408448,946542.0,embryonic day 13.5,0,0,0,12.958784103393555,0.21840500831604004
SRR7408449,654765.0,embryonic day 13.5,0,0,0,12.958784103393555,0.21840500831604004
SRR7408454,646653.0,embryonic day 13.5,0,0,0,12.958784103393555,0.21840500831604004
SRR7408458,865913.0,embryonic day 13.5,0,0,0,12.958784103393555,0.21840500831604004
SRR7408460,1317636.0,embryonic day 13.5,0,0,0,12.958784103393555,0.21840500831604004
SRR7408461,1305690.0,embryonic day 13.5,0,0,0,12.958784103393555,0.21840500831604004
SRR7408462,891318.0,embryonic day 13.5,0,0,0,12.958784103393555,0.21840500831604004
SRR7408470,1017495.0,embryonic day 13.5,0,0,0,12.958784103393555,0.21840500831604004
SRR7408472,1372974.0,embryonic day 13.5,0,0,0,12.958784103393555,0.21840500831604004
SRR7408473,1050368.0,embryonic day 13.5,0,0,0,12.958784103393555,0.21840500831604004
SRR7408474,1001065.0,embryonic day 13.5,0,0,0,12.958784103393555,0.21840500831604004
SRR7408475,1033846.0,embryonic day 13.5,0,0,0,12.958784103393555,0.21840500831604004
SRR7408482,676446.0,embryonic day 13.5,0,0,0,12.958784103393555,0.21840500831604004
SRR7408483,399115.0,embryonic day 13.5,0,0,0,12.958784103393555,0.21840500831604004
SRR7408485,1992789.0,embryonic day 13.5,0,0,0,12.958784103393555,0.21840500831604004
SRR7408486,846613.0,embryonic day 13.5,0,0,0,12.958784103393555,0.21840500831604004
SRR7408487,716850.0,embryonic day 13.5,0,0,0,12.958784103393555,0.21840500831604004
SRR7408493,550199.0,embryonic day 13.5,0,0,0,12.958784103393555,0.21840500831604004
SRR7408494,810046.0,embryonic day 13.5,0,0,0,12.958784103393555,0.21840500831604004
SRR7408498,446316.0,embryonic day 13.5,0,0,0,12.958784103393555,0.21840500831604004
SRR7408517,568273.0,embryonic day 13.5,0,0,0,12.958784103393555,0.21840500831604004
SRR7408518,631329.0,embryonic day 13.5,0,0,0,12.958784103393555,0.21840500831604004
SRR7408519,863884.0,embryonic day 13.5,0,0,0,12.958784103393555,0.21840500831604004
SRR7408520,1157351.0,embryonic day 13.5,0,0,0,12.958784103393555,0.21840500831604004
SRR7408521,1604992.0,embryonic day 13.5,0,0,0,12.958784103393555,0.21840500831604004
SRR7408522,858557.0,embryonic day 13.5,0,0,0,12.958784103393555,0.21840500831604004
SRR7408523,1441759.0,embryonic day 13.5,0,0,0,12.958784103393555,0.21840500831604004
SRR7408524,939359.0,embryonic day 13.5,0,0,0,12.958784103393555,0.21840500831604004
SRR7408525,1405790.0,embryonic day 13.5,0,0,0,12.958784103393555,0.21840500831604004
SRR7408526,1291381.0,embryonic day 13.5,0,0,0,12.958784103393555,0.21840500831604004
SRR7408527,727677.0,embryonic day 13.5,0,0,0,12.958784103393555,0.21840500831604004
SRR7408528,632056.0,embryonic day 13.5,0,0,0,12.958784103393555,0.21840500831604004
SRR7408529,1141653.0,embryonic day 13.5,0,0,0,12.958784103393555,0.21840500831604004
SRR7408530,1401122.0,embryonic day 13.5,0,0,0,12.958784103393555,0.21840500831604004
SRR7408531,2276250.0,embryonic day 13.5,0,0,0,12.958784103393555,0.21840500831604004
SRR7408532,2423430.0,embryonic day 13.5,0,0,0,12.958784103393555,0.21840500831604004
SRR7408533,1814629.0,embryonic day 13.5,0,0,0,12.958784103393555,0.21840500831604004
SRR7408534,1039930.0,embryonic day 13.5,0,0,0,12.958784103393555,0.21840500831604004
SRR7408535,968905.0,embryonic day 13.5,0,0,0,12.958784103393555,0.21840500831604004
SRR7408536,901115.0,embryonic day 13.5,0,0,0,12.958784103393555,0.21840500831604004
SRR7408537,846160.0,embryonic day 13.5,0,0,0,12.958784103393555,0.21840500831604004
SRR7408538,1199176.0,embryonic day 13.5,0,0,0,12.958784103393555,0.21840500831604004
SRR7408539,1073450.0,embryonic day 13.5,0,0,0,12.958784103393555,0.21840500831604004
SRR7408540,1590825.0,embryonic day 13.5,0,0,0,12.958784103393555,0.21840500831604004
SRR7408541,2219879.0,embryonic day 13.5,0,0,0,12.958784103393555,0.21840500831604004
SRR7408542,1886128.0,embryonic day 13.5,0,0,0,12.958784103393555,0.21840500831604004
SRR7408543,1434640.0,embryonic day 13.5,0,0,0,12.958784103393555,0.21840500831604004
SRR7408544,1397664.0,embryonic day 13.5,0,0,0,12.958784103393555,0.21840500831604004
SRR7408545,1388169.0,embryonic day 13.5,0,0,0,12.958784103393555,0.21840500831604004
SRR7408546,1612903.0,embryonic day 13.5,0,0,0,12.958784103393555,0.21840500831604004
SRR7408547,1161498.0,embryonic day 13.5,0,0,0,12.958784103393555,0.21840500831604004
SRR7408548,1465537.0,embryonic day 13.5,0,0,0,12.958784103393555,0.21840500831604004
SRR7408549,3477693.0,embryonic day 13.5,0,0,0,12.958784103393555,0.21840500831604004
SRR7408550,2170136.0,embryonic day 13.5,0,0,0,12.958784103393555,0.21840500831604004
SRR7408551,2311067.0,embryonic day 13.5,0,0,0,12.958784103393555,0.21840500831604004
SRR7408552,1281628.0,embryonic day 13.5,0,0,0,12.958784103393555,0.21840500831604004
SRR7408553,1232023.0,embryonic day 13.5,0,0,0,12.958784103393555,0.21840500831604004
SRR7408554,2472699.0,embryonic day 13.5,0,0,0,12.958784103393555,0.21840500831604004
SRR7408555,1195864.0,embryonic day 13.5,0,0,0,12.958784103393555,0.21840500831604004
SRR7408556,1485068.0,embryonic day 13.5,0,0,0,12.958784103393555,0.21840500831604004
SRR7408557,1322611.0,embryonic day 13.5,0,0,0,12.958784103393555,0.21840500831604004
SRR7408558,2645686.0,embryonic day 13.5,0,0,0,12.958784103393555,0.21840500831604004
SRR7408559,3388556.0,embryonic day 13.5,0,0,0,12.958784103393555,0.21840500831604004
SRR7408560,1581454.0,embryonic day 13.5,0,0,0,12.958784103393555,0.21840500831604004
SRR7408561,2257095.0,embryonic day 13.5,0,0,0,12.958784103393555,0.21840500831604004
SRR7408562,1878201.0,embryonic day 13.5,0,0,0,12.958784103393555,0.21840500831604004
SRR7408564,579338.0,embryonic day 13.5,0,0,0,12.958784103393555,0.21840500831604004
SRR7408566,1187215.0,embryonic day 13.5,0,0,0,12.958784103393555,0.21840500831604004
SRR7408567,1958905.0,embryonic day 13.5,0,0,0,12.958784103393555,0.21840500831604004
SRR7408569,2003839.0,embryonic day 13.5,0,0,0,12.958784103393555,0.21840500831604004
SRR7408570,1704555.0,embryonic day 13.5,0,0,0,12.958784103393555,0.21840500831604004
SRR7408571,1947731.0,embryonic day 13.5,0,0,0,12.958784103393555,0.21840500831604004
SRR7408572,2563955.0,embryonic day 13.5,0,0,0,12.958784103393555,0.21840500831604004
SRR7408573,844262.0,embryonic day 13.5,0,0,0,12.958784103393555,0.21840500831604004
SRR7408574,1804688.0,embryonic day 13.5,0,0,0,12.958784103393555,0.21840500831604004
SRR7408575,1173804.0,embryonic day 13.5,0,0,0,12.958784103393555,0.21840500831604004
SRR7408576,2524215.0,embryonic day 13.5,0,0,0,12.958784103393555,0.21840500831604004
SRR7408577,3129900.0,embryonic day 13.5,0,0,0,12.958784103393555,0.21840500831604004
SRR7408578,2562235.0,embryonic day 13.5,0,0,0,12.958784103393555,0.21840500831604004
SRR7408579,2837695.0,embryonic day 13.5,0,0,0,12.958784103393555,0.21840500831604004
SRR7408580,2436578.0,embryonic day 13.5,0,0,0,12.958784103393555,0.21840500831604004
SRR7408581,1453323.0,embryonic day 13.5,0,0,0,12.958784103393555,0.21840500831604004
SRR7408582,1322383.0,embryonic day 13.5,0,0,0,12.958784103393555,0.21840500831604004
SRR7408583,1007970.0,embryonic day 13.5,0,0,0,12.958784103393555,0.21840500831604004
SRR7408584,1054154.0,embryonic day 13.5,0,0,0,12.958784103393555,0.21840500831604004
SRR7408585,1388579.0,embryonic day 13.5,0,0,0,12.958784103393555,0.21840500831604004
SRR7408586,1353719.0,embryonic day 13.5,0,0,0,12.958784103393555,0.21840500831604004
SRR7408587,1746725.0,embryonic day 13.5,0,0,0,12.958784103393555,0.21840500831604004
SRR7408588,1831201.0,embryonic day 13.5,0,0,0,12.958784103393555,0.21840500831604004
SRR7408589,1039807.0,embryonic day 13.5,0,0,0,12.958784103393555,0.21840500831604004
SRR7408590,1947534.0,embryonic day 13.5,0,0,0,12.958784103393555,0.21840500831604004
SRR7408591,1784173.0,embryonic day 13.5,0,0,0,12.958784103393555,0.21840500831604004
SRR7408592,1453198.0,embryonic day 13.5,0,0,0,12.958784103393555,0.21840500831604004
SRR7408593,2386812.0,embryonic day 13.5,0,0,0,12.958784103393555,0.21840500831604004
SRR7408594,2223573.0,embryonic day 13.5,0,0,0,12.958784103393555,0.21840500831604004
SRR7408595,2547763.0,embryonic day 13.5,0,0,0,12.958784103393555,0.21840500831604004
SRR7408596,2751989.0,embryonic day 13.5,0,0,0,12.958784103393555,0.21840500831604004
SRR7408597,2006035.0,embryonic day 13.5,0,0,0,12.958784103393555,0.21840500831604004
SRR7408598,1916930.0,embryonic day 13.5,0,0,0,12.958784103393555,0.21840500831604004
SRR7408599,2128628.0,embryonic day 13.5,0,0,0,12.958784103393555,0.21840500831604004
SRR7408600,2094398.0,embryonic day 13.5,0,0,0,12.958784103393555,0.21840500831604004
SRR7408601,2268077.0,embryonic day 13.5,0,0,0,12.958784103393555,0.21840500831604004
SRR7408602,2356998.0,embryonic day 13.5,0,0,0,12.958784103393555,0.21840500831604004
SRR7408603,2672471.0,embryonic day 13.5,0,0,0,12.958784103393555,0.21840500831604004
SRR7408604,2174537.0,embryonic day 13.5,0,0,0,12.958784103393555,0.21840500831604004
SRR7408605,2128219.0,embryonic day 13.5,0,0,0,12.958784103393555,0.21840500831604004
SRR7408606,2249951.0,embryonic day 13.5,0,0,0,12.958784103393555,0.21840500831604004
SRR7408607,2094242.0,embryonic day 13.5,0,0,0,12.958784103393555,0.21840500831604004
SRR7408608,1476158.0,embryonic day 13.5,0,0,0,12.958784103393555,0.21840500831604004
SRR7408609,1558601.0,embryonic day 13.5,0,0,0,12.958784103393555,0.21840500831604004
SRR7408610,2552108.0,embryonic day 13.5,0,0,0,12.958784103393555,0.21840500831604004
SRR7408611,2244863.0,embryonic day 13.5,0,0,0,12.958784103393555,0.21840500831604004
SRR7408612,1849299.0,embryonic day 13.5,0,0,0,12.958784103393555,0.21840500831604004
SRR7408613,2649210.0,embryonic day 13.5,0,0,0,12.958784103393555,0.21840500831604004
SRR7408614,2608500.0,embryonic day 13.5,0,0,0,12.958784103393555,0.21840500831604004
SRR7408615,2262465.0,embryonic day 13.5,0,0,0,12.958784103393555,0.21840500831604004
SRR7408616,2883776.0,embryonic day 13.5,0,0,0,12.958784103393555,0.21840500831604004
SRR7408617,2163080.0,embryonic day 13.5,0,0,0,12.958784103393555,0.21840500831604004
SRR7408618,2812595.0,embryonic day 13.5,0,0,0,12.958784103393555,0.21840500831604004
SRR7408619,2410237.0,embryonic day 13.5,0,0,0,12.958784103393555,0.21840500831604004
SRR7408620,2065281.0,embryonic day 13.5,0,0,0,12.958784103393555,0.21840500831604004
SRR7408621,1480484.0,embryonic day 13.5,0,0,0,12.958784103393555,0.21840500831604004
SRR7408622,1526818.0,embryonic day 13.5,0,0,0,12.958784103393555,0.21840500831604004
SRR7408623,1578321.0,embryonic day 13.5,0,0,0,12.958784103393555,0.21840500831604004
SRR7408624,1427901.0,embryonic day 13.5,0,0,0,12.958784103393555,0.21840500831604004
SRR7408625,1725411.0,embryonic day 13.5,0,0,0,12.958784103393555,0.21840500831604004
SRR7408626,2261713.0,embryonic day 13.5,0,0,0,12.958784103393555,0.21840500831604004
SRR7408627,2491814.0,embryonic day 13.5,0,0,0,12.958784103393555,0.21840500831604004
SRR7408628,1552144.0,embryonic day 13.5,0,0,0,12.958784103393555,0.21840500831604004
SRR7408629,1875590.0,embryonic day 13.5,0,0,0,12.958784103393555,0.21840500831604004
SRR7408630,2206123.0,embryonic day 13.5,0,0,0,12.958784103393555,0.21840500831604004
SRR7408632,5208644.0,embryonic day 13.5,0,0,0,12.958784103393555,0.21840500831604004
SRR7408633,2229495.0,embryonic day 13.5,0,0,0,12.958784103393555,0.21840500831604004
SRR7408634,2108589.0,embryonic day 13.5,0,0,0,12.958784103393555,0.21840500831604004
SRR7408635,2444396.0,embryonic day 13.5,0,0,0,12.958784103393555,0.21840500831604004
SRR7408636,1636002.0,embryonic day 13.5,0,0,0,12.958784103393555,0.21840500831604004
SRR7408637,2150145.0,embryonic day 13.5,0,0,0,12.958784103393555,0.21840500831604004
SRR7408639,1959348.0,embryonic day 13.5,0,0,0,12.958784103393555,0.21840500831604004
SRR7408640,2382846.0,embryonic day 13.5,0,0,0,12.958784103393555,0.21840500831604004
SRR7408641,1895501.0,embryonic day 13.5,0,0,0,12.958784103393555,0.21840500831604004
SRR7408642,1570177.0,embryonic day 13.5,0,0,0,12.958784103393555,0.21840500831604004
SRR7408643,1256933.0,embryonic day 13.5,0,0,0,12.958784103393555,0.21840500831604004
SRR7408644,2274091.0,embryonic day 13.5,0,0,0,12.958784103393555,0.21840500831604004
SRR7408645,2728240.0,embryonic day 13.5,0,0,0,12.958784103393555,0.21840500831604004
SRR7408646,1842155.0,embryonic day 13.5,0,0,0,12.958784103393555,0.21840500831604004
SRR7408647,1452733.0,embryonic day 13.5,0,0,0,12.958784103393555,0.21840500831604004
SRR7408648,2968148.0,embryonic day 13.5,0,0,0,12.958784103393555,0.21840500831604004
SRR7408649,1529547.0,embryonic day 13.5,0,0,0,12.958784103393555,0.21840500831604004
SRR7408650,2153209.0,embryonic day 13.5,0,0,0,12.958784103393555,0.21840500831604004
SRR7408651,2839365.0,embryonic day 13.5,0,0,0,12.958784103393555,0.21840500831604004
SRR7408652,2201275.0,embryonic day 13.5,0,0,0,12.958784103393555,0.21840500831604004
SRR7408654,1951185.0,embryonic day 13.5,0,0,0,12.958784103393555,0.21840500831604004
SRR7408655,2490980.0,embryonic day 13.5,0,0,0,12.958784103393555,0.21840500831604004
SRR7408656,1815927.0,embryonic day 13.5,0,0,0,12.958784103393555,0.21840500831604004
SRR7408657,2370895.0,embryonic day 13.5,0,0,0,12.958784103393555,0.21840500831604004
SRR7408658,2378437.0,embryonic day 13.5,0,0,0,12.958784103393555,0.21840500831604004
SRR7408659,1808832.0,embryonic day 13.5,0,0,0,12.958784103393555,0.21840500831604004
SRR7408660,2030391.0,embryonic day 13.5,0,0,0,12.958784103393555,0.21840500831604004
SRR7408661,2100879.0,embryonic day 13.5,0,0,0,12.958784103393555,0.21840500831604004
SRR7408662,2961814.0,embryonic day 13.5,0,0,0,12.958784103393555,0.21840500831604004
SRR7408663,3245748.0,embryonic day 13.5,0,0,0,12.958784103393555,0.21840500831604004
SRR7408664,2135348.0,embryonic day 13.5,0,0,0,12.958784103393555,0.21840500831604004
SRR7408665,1678037.0,embryonic day 13.5,0,0,0,12.958784103393555,0.21840500831604004
SRR7408666,2382004.0,embryonic day 13.5,0,0,0,12.958784103393555,0.21840500831604004
SRR7408667,2489408.0,embryonic day 13.5,0,0,0,12.958784103393555,0.21840500831604004
SRR7408668,2466265.0,embryonic day 13.5,0,0,0,12.958784103393555,0.21840500831604004
SRR7408669,1968661.0,embryonic day 13.5,0,0,0,12.958784103393555,0.21840500831604004
SRR7408670,2115833.0,embryonic day 13.5,0,0,0,12.958784103393555,0.21840500831604004
SRR7408671,2135577.0,embryonic day 13.5,0,0,0,12.958784103393555,0.21840500831604004
SRR7408672,2393338.0,embryonic day 13.5,0,0,0,12.958784103393555,0.21840500831604004
SRR7408673,1865282.0,embryonic day 13.5,0,0,0,12.958784103393555,0.21840500831604004
SRR7408674,2097865.0,embryonic day 13.5,0,0,0,12.958784103393555,0.21840500831604004
SRR7408675,1533702.0,embryonic day 13.5,0,0,0,12.958784103393555,0.21840500831604004
SRR7408676,3193285.0,embryonic day 13.5,0,0,0,12.958784103393555,0.21840500831604004
SRR7408677,2619076.0,embryonic day 13.5,0,0,0,12.958784103393555,0.21840500831604004
SRR7408679,2747544.0,embryonic day 13.5,0,0,0,12.958784103393555,0.21840500831604004
SRR7408680,1298355.0,embryonic day 13.5,0,0,0,12.958784103393555,0.21840500831604004
SRR7408681,2702503.0,embryonic day 13.5,0,0,0,12.958784103393555,0.21840500831604004
SRR7408682,2726358.0,embryonic day 13.5,0,0,0,12.958784103393555,0.21840500831604004
SRR7408683,2118439.0,embryonic day 13.5,0,0,0,12.958784103393555,0.21840500831604004
SRR7408684,1538977.0,embryonic day 13.5,0,0,0,12.958784103393555,0.21840500831604004
SRR7408685,3151225.0,embryonic day 13.5,0,0,0,12.958784103393555,0.21840500831604004
SRR7408686,2296332.0,embryonic day 13.5,0,0,0,12.958784103393555,0.21840500831604004
SRR7408687,825118.0,embryonic day 13.5,0,0,0,12.958784103393555,0.21840500831604004
SRR7408688,1867186.0,embryonic day 13.5,0,0,0,12.958784103393555,0.21840500831604004
SRR7408689,2024257.0,embryonic day 13.5,0,0,0,12.958784103393555,0.21840500831604004
SRR7408690,2551162.0,embryonic day 13.5,0,0,0,12.958784103393555,0.21840500831604004
SRR7408691,2870038.0,embryonic day 13.5,0,0,0,12.958784103393555,0.21840500831604004
SRR7408692,2322663.0,embryonic day 13.5,0,0,0,12.958784103393555,0.21840500831604004
SRR7408693,1987771.0,embryonic day 13.5,0,0,0,12.958784103393555,0.21840500831604004
SRR7408694,2720453.0,embryonic day 13.5,0,0,0,12.958784103393555,0.21840500831604004
SRR7408695,2591361.0,embryonic day 13.5,0,0,0,12.958784103393555,0.21840500831604004
SRR7408696,2860770.0,embryonic day 13.5,0,0,0,12.958784103393555,0.21840500831604004
SRR7408697,2493387.0,embryonic day 13.5,0,0,0,12.958784103393555,0.21840500831604004
SRR7408698,1516156.0,embryonic day 13.5,0,0,0,12.958784103393555,0.21840500831604004
SRR7408699,2354724.0,embryonic day 13.5,0,0,0,12.958784103393555,0.21840500831604004
SRR7408700,2673917.0,embryonic day 13.5,0,0,0,12.958784103393555,0.21840500831604004
SRR7408701,2551326.0,embryonic day 13.5,0,0,0,12.958784103393555,0.21840500831604004
SRR7408702,2189191.0,embryonic day 13.5,0,0,0,12.958784103393555,0.21840500831604004
SRR7408703,1725998.0,embryonic day 13.5,0,0,0,12.958784103393555,0.21840500831604004
SRR7408704,2187832.0,embryonic day 13.5,0,0,0,12.958784103393555,0.21840500831604004
SRR7408705,2368187.0,embryonic day 13.5,0,0,0,12.958784103393555,0.21840500831604004
SRR7408706,1277177.0,embryonic day 13.5,0,0,0,12.958784103393555,0.21840500831604004
SRR7408707,1998104.0,embryonic day 13.5,0,0,0,12.958784103393555,0.21840500831604004
SRR7408708,2890271.0,embryonic day 13.5,0,0,0,12.958784103393555,0.21840500831604004
SRR7408709,1825843.0,embryonic day 13.5,0,0,0,12.958784103393555,0.21840500831604004
SRR7408710,2535793.0,embryonic day 13.5,0,0,0,12.958784103393555,0.21840500831604004
SRR7408711,1858459.0,embryonic day 13.5,0,0,0,12.958784103393555,0.21840500831604004
SRR7408712,2080960.0,embryonic day 13.5,0,0,0,12.958784103393555,0.21840500831604004
SRR7408713,2500767.0,embryonic day 13.5,0,0,0,12.958784103393555,0.21840500831604004
SRR7408714,2222683.0,embryonic day 13.5,0,0,0,12.958784103393555,0.21840500831604004
SRR7408715,2615539.0,embryonic day 13.5,0,0,0,12.958784103393555,0.21840500831604004
SRR7408716,2098418.0,embryonic day 13.5,0,0,0,12.958784103393555,0.21840500831604004
SRR7408717,2101783.0,embryonic day 13.5,0,0,0,12.958784103393555,0.21840500831604004
SRR7408718,1690386.0,embryonic day 13.5,0,0,0,12.958784103393555,0.21840500831604004
SRR7408719,1891977.0,embryonic day 13.5,0,0,0,12.958784103393555,0.21840500831604004
SRR7408720,2290309.0,embryonic day 13.5,0,0,0,12.958784103393555,0.21840500831604004
SRR7408721,2012809.0,embryonic day 13.5,0,0,0,12.958784103393555,0.21840500831604004
SRR7408722,1731340.0,embryonic day 13.5,0,0,0,12.958784103393555,0.21840500831604004
SRR7408723,1873335.0,embryonic day 13.5,0,0,0,12.958784103393555,0.21840500831604004
SRR7408724,2328636.0,embryonic day 13.5,0,0,0,12.958784103393555,0.21840500831604004
SRR7408725,2695774.0,embryonic day 13.5,0,0,0,12.958784103393555,0.21840500831604004
SRR7408726,2953420.0,embryonic day 13.5,0,0,0,12.958784103393555,0.21840500831604004
SRR7408727,2033742.0,embryonic day 13.5,0,0,0,12.958784103393555,0.21840500831604004
SRR7408728,2166705.0,embryonic day 13.5,0,0,0,12.958784103393555,0.21840500831604004
SRR7408729,2168782.0,embryonic day 13.5,0,0,0,12.958784103393555,0.21840500831604004
SRR7408730,2034942.0,embryonic day 13.5,0,0,0,12.958784103393555,0.21840500831604004
SRR7408731,1599666.0,embryonic day 15.5,1,0,0,12.958784103393555,0.21840500831604004
SRR7408732,1401511.0,embryonic day 15.5,1,0,0,12.958784103393555,0.21840500831604004
SRR7408733,1878563.0,embryonic day 15.5,1,0,0,12.958784103393555,0.21840500831604004
SRR7408734,3151972.0,embryonic day 15.5,1,0,0,12.958784103393555,0.21840500831604004
SRR7408735,1553648.0,embryonic day 15.5,1,0,0,12.958784103393555,0.21840500831604004
SRR7408736,3915936.0,embryonic day 15.5,1,0,0,12.958784103393555,0.21840500831604004
SRR7408737,2509481.0,embryonic day 15.5,1,0,0,12.958784103393555,0.21840500831604004
SRR7408738,529609.0,embryonic day 15.5,1,0,0,12.958784103393555,0.21840500831604004
SRR7408739,699477.0,embryonic day 15.5,1,0,0,12.958784103393555,0.21840500831604004
SRR7408740,1100087.0,embryonic day 15.5,1,0,0,12.958784103393555,0.21840500831604004
SRR7408741,2890982.0,embryonic day 15.5,1,0,0,12.958784103393555,0.21840500831604004
SRR7408742,2182943.0,embryonic day 15.5,1,0,0,12.958784103393555,0.21840500831604004
SRR7408743,1137073.0,embryonic day 15.5,1,0,0,12.958784103393555,0.21840500831604004
SRR7408744,949390.0,embryonic day 15.5,1,0,0,12.958784103393555,0.21840500831604004
SRR7408745,4161515.0,embryonic day 15.5,1,0,0,12.958784103393555,0.21840500831604004
SRR7408746,1598066.0,embryonic day 15.5,1,0,0,12.958784103393555,0.21840500831604004
SRR7408747,1457918.0,embryonic day 15.5,1,0,0,12.958784103393555,0.21840500831604004
SRR7408748,1998867.0,embryonic day 15.5,1,0,0,12.958784103393555,0.21840500831604004
SRR7408749,2250004.0,embryonic day 15.5,1,0,0,12.958784103393555,0.21840500831604004
SRR7408750,1563391.0,embryonic day 15.5,1,0,0,12.958784103393555,0.21840500831604004
SRR7408751,2149529.0,embryonic day 15.5,1,0,0,12.958784103393555,0.21840500831604004
SRR7408752,717060.0,embryonic day 15.5,1,0,0,12.958784103393555,0.21840500831604004
SRR7408753,1668902.0,embryonic day 15.5,1,0,0,12.958784103393555,0.21840500831604004
SRR7408754,3567485.0,embryonic day 15.5,1,0,0,12.958784103393555,0.21840500831604004
SRR7408755,1177522.0,embryonic day 15.5,1,0,0,12.958784103393555,0.21840500831604004
SRR7408756,1630119.0,embryonic day 15.5,1,0,0,12.958784103393555,0.21840500831604004
SRR7408757,1645842.0,embryonic day 15.5,1,0,0,12.958784103393555,0.21840500831604004
SRR7408759,1514970.0,embryonic day 15.5,1,0,0,12.958784103393555,0.21840500831604004
SRR7408760,1952467.0,embryonic day 15.5,1,0,0,12.958784103393555,0.21840500831604004
SRR7408761,2318601.0,embryonic day 15.5,1,0,0,12.958784103393555,0.21840500831604004
SRR7408762,2334102.0,embryonic day 15.5,1,0,0,12.958784103393555,0.21840500831604004
SRR7408763,1895127.0,embryonic day 15.5,1,0,0,12.958784103393555,0.21840500831604004
SRR7408764,1153349.0,embryonic day 15.5,1,0,0,12.958784103393555,0.21840500831604004
SRR7408766,1979473.0,embryonic day 15.5,1,0,0,12.958784103393555,0.21840500831604004
SRR7408767,2698936.0,embryonic day 15.5,1,0,0,12.958784103393555,0.21840500831604004
SRR7408768,2032245.0,embryonic day 15.5,1,0,0,12.958784103393555,0.21840500831604004
SRR7408769,1838685.0,embryonic day 15.5,1,0,0,12.958784103393555,0.21840500831604004
SRR7408770,2333030.0,embryonic day 15.5,1,0,0,12.958784103393555,0.21840500831604004
SRR7408771,1996778.0,embryonic day 15.5,1,0,0,12.958784103393555,0.21840500831604004
SRR7408772,1730168.0,embryonic day 15.5,1,0,0,12.958784103393555,0.21840500831604004
SRR7408773,1610633.0,embryonic day 15.5,1,0,0,12.958784103393555,0.21840500831604004
SRR7408774,1031677.0,embryonic day 15.5,1,0,0,12.958784103393555,0.21840500831604004
SRR7408775,2182425.0,embryonic day 15.5,1,0,0,12.958784103393555,0.21840500831604004
SRR7408776,2305712.0,embryonic day 15.5,1,0,0,12.958784103393555,0.21840500831604004
SRR7408777,2266311.0,embryonic day 15.5,1,0,0,12.958784103393555,0.21840500831604004
SRR7408778,1547813.0,embryonic day 15.5,1,0,0,12.958784103393555,0.21840500831604004
SRR7408779,2282011.0,embryonic day 15.5,1,0,0,12.958784103393555,0.21840500831604004
SRR7408780,2653362.0,embryonic day 15.5,1,0,0,12.958784103393555,0.21840500831604004
SRR7408781,1566582.0,embryonic day 15.5,1,0,0,12.958784103393555,0.21840500831604004
SRR7408782,1443598.0,embryonic day 15.5,1,0,0,12.958784103393555,0.21840500831604004
SRR7408783,2195024.0,embryonic day 15.5,1,0,0,12.958784103393555,0.21840500831604004
SRR7408784,1961476.0,embryonic day 15.5,1,0,0,12.958784103393555,0.21840500831604004
SRR7408785,1418123.0,embryonic day 15.5,1,0,0,12.958784103393555,0.21840500831604004
SRR7408786,2734234.0,embryonic day 15.5,1,0,0,12.958784103393555,0.21840500831604004
SRR7408788,2010752.0,embryonic day 15.5,1,0,0,12.958784103393555,0.21840500831604004
SRR7408789,2350031.0,embryonic day 15.5,1,0,0,12.958784103393555,0.21840500831604004
SRR7408790,2177165.0,embryonic day 15.5,1,0,0,12.958784103393555,0.21840500831604004
SRR7408791,954887.0,embryonic day 15.5,1,0,0,12.958784103393555,0.21840500831604004
SRR7408792,990144.0,embryonic day 15.5,1,0,0,12.958784103393555,0.21840500831604004
SRR7408793,1240756.0,embryonic day 15.5,1,0,0,12.958784103393555,0.21840500831604004
SRR7408794,2401072.0,embryonic day 15.5,1,0,0,12.958784103393555,0.21840500831604004
SRR7408795,2324009.0,embryonic day 15.5,1,0,0,12.958784103393555,0.21840500831604004
SRR7408796,1983400.0,embryonic day 15.5,1,0,0,12.958784103393555,0.21840500831604004
SRR7408797,1813852.0,embryonic day 15.5,1,0,0,12.958784103393555,0.21840500831604004
SRR7408798,1150281.0,embryonic day 15.5,1,0,0,12.958784103393555,0.21840500831604004
SRR7408799,2372866.0,embryonic day 15.5,1,0,0,12.958784103393555,0.21840500831604004
SRR7408800,1458283.0,embryonic day 15.5,1,0,0,12.958784103393555,0.21840500831604004
SRR7408801,2014814.0,embryonic day 15.5,1,0,0,12.958784103393555,0.21840500831604004
SRR7408803,2059699.0,embryonic day 15.5,1,0,0,12.958784103393555,0.21840500831604004
SRR7408804,1865874.0,embryonic day 15.5,1,0,0,12.958784103393555,0.21840500831604004
SRR7408806,1370381.0,embryonic day 15.5,1,0,0,12.958784103393555,0.21840500831604004
SRR7408808,2837689.0,embryonic day 15.5,1,0,0,12.958784103393555,0.21840500831604004
SRR7408809,1888628.0,embryonic day 15.5,1,0,0,12.958784103393555,0.21840500831604004
SRR7408810,1348986.0,embryonic day 15.5,1,0,0,12.958784103393555,0.21840500831604004
SRR7408811,1508220.0,embryonic day 15.5,1,0,0,12.958784103393555,0.21840500831604004
SRR7408812,2030532.0,embryonic day 15.5,1,0,0,12.958784103393555,0.21840500831604004
SRR7408813,2081043.0,embryonic day 15.5,1,0,0,12.958784103393555,0.21840500831604004
SRR7408814,2260861.0,embryonic day 15.5,1,0,0,12.958784103393555,0.21840500831604004
SRR7408815,1648683.0,embryonic day 15.5,1,0,0,12.958784103393555,0.21840500831604004
SRR7408816,2919176.0,embryonic day 15.5,1,0,0,12.958784103393555,0.21840500831604004
SRR7408817,1503550.0,embryonic day 15.5,1,0,0,12.958784103393555,0.21840500831604004
SRR7408818,1597988.0,embryonic day 15.5,1,0,0,12.958784103393555,0.21840500831604004
SRR7408819,2539781.0,embryonic day 15.5,1,0,0,12.958784103393555,0.21840500831604004
SRR7408820,2066721.0,embryonic day 15.5,1,0,0,12.958784103393555,0.21840500831604004
SRR7408821,2930532.0,embryonic day 15.5,1,0,0,12.958784103393555,0.21840500831604004
SRR7408822,2218692.0,embryonic day 15.5,1,0,0,12.958784103393555,0.21840500831604004
SRR7408823,3044431.0,embryonic day 15.5,1,0,0,12.958784103393555,0.21840500831604004
SRR7408824,2675403.0,embryonic day 15.5,1,0,0,12.958784103393555,0.21840500831604004
SRR7408825,2890125.0,embryonic day 15.5,1,0,0,12.958784103393555,0.21840500831604004
SRR7408826,1645551.0,embryonic day 15.5,1,0,0,12.958784103393555,0.21840500831604004
SRR7408827,2239531.0,embryonic day 15.5,1,0,0,12.958784103393555,0.21840500831604004
SRR7408828,2404754.0,embryonic day 15.5,1,0,0,12.958784103393555,0.21840500831604004
SRR7408830,2099400.0,embryonic day 15.5,1,0,0,12.958784103393555,0.21840500831604004
SRR7408831,2647258.0,embryonic day 15.5,1,0,0,12.958784103393555,0.21840500831604004
SRR7408833,2268191.0,embryonic day 15.5,1,0,0,12.958784103393555,0.21840500831604004
SRR7408834,897833.0,embryonic day 15.5,1,0,0,12.958784103393555,0.21840500831604004
SRR7408835,1765748.0,embryonic day 15.5,1,0,0,12.958784103393555,0.21840500831604004
SRR7408836,1792193.0,embryonic day 15.5,1,0,0,12.958784103393555,0.21840500831604004
SRR7408837,1923782.0,embryonic day 15.5,1,0,0,12.958784103393555,0.21840500831604004
SRR7408838,1815544.0,embryonic day 15.5,1,0,0,12.958784103393555,0.21840500831604004
SRR7408839,1665448.0,embryonic day 15.5,1,0,0,12.958784103393555,0.21840500831604004
SRR7408840,2350084.0,embryonic day 15.5,1,0,0,12.958784103393555,0.21840500831604004
SRR7408841,1896289.0,embryonic day 15.5,1,0,0,12.958784103393555,0.21840500831604004
SRR7408842,1740993.0,embryonic day 15.5,1,0,0,12.958784103393555,0.21840500831604004
SRR7408843,542680.0,embryonic day 15.5,1,0,0,12.958784103393555,0.21840500831604004
SRR7408844,1495946.0,embryonic day 15.5,1,0,0,12.958784103393555,0.21840500831604004
SRR7408845,2040439.0,embryonic day 15.5,1,0,0,12.958784103393555,0.21840500831604004
SRR7408846,1523735.0,embryonic day 15.5,1,0,0,12.958784103393555,0.21840500831604004
SRR7408847,2318303.0,embryonic day 15.5,1,0,0,12.958784103393555,0.21840500831604004
SRR7408848,1655479.0,embryonic day 15.5,1,0,0,12.958784103393555,0.21840500831604004
SRR7408849,1662620.0,embryonic day 15.5,1,0,0,12.958784103393555,0.21840500831604004
SRR7408850,2033397.0,embryonic day 15.5,1,0,0,12.958784103393555,0.21840500831604004
SRR7408852,651093.0,embryonic day 15.5,1,0,0,12.958784103393555,0.21840500831604004
SRR7408853,1462435.0,embryonic day 15.5,1,0,0,12.958784103393555,0.21840500831604004
SRR7408854,981260.0,embryonic day 15.5,1,0,0,12.958784103393555,0.21840500831604004
SRR7408855,2204641.0,embryonic day 15.5,1,0,0,12.958784103393555,0.21840500831604004
SRR7408856,2207647.0,embryonic day 15.5,1,0,0,12.958784103393555,0.21840500831604004
SRR7408857,3003001.0,embryonic day 15.5,1,0,0,12.958784103393555,0.21840500831604004
SRR7408858,2418737.0,embryonic day 15.5,1,0,0,12.958784103393555,0.21840500831604004
SRR7408859,2390386.0,embryonic day 15.5,1,0,0,12.958784103393555,0.21840500831604004
SRR7408860,1608514.0,embryonic day 15.5,1,0,0,12.958784103393555,0.21840500831604004
SRR7408861,1080882.0,embryonic day 15.5,1,0,0,12.958784103393555,0.21840500831604004
SRR7408862,1506118.0,embryonic day 15.5,1,0,0,12.958784103393555,0.21840500831604004
SRR7408863,1126911.0,embryonic day 15.5,1,0,0,12.958784103393555,0.21840500831604004
SRR7408865,1494417.0,embryonic day 15.5,1,0,0,12.958784103393555,0.21840500831604004
SRR7408866,1397510.0,embryonic day 15.5,1,0,0,12.958784103393555,0.21840500831604004
SRR7408867,1417012.0,embryonic day 15.5,1,0,0,12.958784103393555,0.21840500831604004
SRR7408868,2171493.0,embryonic day 15.5,1,0,0,12.958784103393555,0.21840500831604004
SRR7408869,1825882.0,embryonic day 15.5,1,0,0,12.958784103393555,0.21840500831604004
SRR7408870,1274832.0,embryonic day 15.5,1,0,0,12.958784103393555,0.21840500831604004
SRR7408871,916974.0,embryonic day 15.5,1,0,0,12.958784103393555,0.21840500831604004
SRR7408872,859268.0,embryonic day 18.5,2,0,0,12.958784103393555,0.21840500831604004
SRR7408873,776061.0,embryonic day 18.5,2,0,0,12.958784103393555,0.21840500831604004
SRR7408875,674505.0,embryonic day 18.5,2,0,0,12.958784103393555,0.21840500831604004
SRR7408876,1365951.0,embryonic day 18.5,2,0,0,12.958784103393555,0.21840500831604004
SRR7408877,950829.0,embryonic day 18.5,2,0,0,12.958784103393555,0.21840500831604004
SRR7408878,1210303.0,embryonic day 18.5,2,0,0,12.958784103393555,0.21840500831604004
SRR7408880,1171524.0,embryonic day 18.5,2,0,0,12.958784103393555,0.21840500831604004
SRR7408881,1106742.0,embryonic day 18.5,2,0,0,12.958784103393555,0.21840500831604004
SRR7408882,1258029.0,embryonic day 18.5,2,0,0,12.958784103393555,0.21840500831604004
SRR7408886,770630.0,embryonic day 18.5,2,0,0,12.958784103393555,0.21840500831604004
SRR7408888,1418910.0,embryonic day 18.5,2,0,0,12.958784103393555,0.21840500831604004
SRR7408889,956302.0,embryonic day 18.5,2,0,0,12.958784103393555,0.21840500831604004
SRR7408890,1836597.0,embryonic day 18.5,2,0,0,12.958784103393555,0.21840500831604004
SRR7408891,1458031.0,embryonic day 18.5,2,0,0,12.958784103393555,0.21840500831604004
SRR7408892,1051089.0,embryonic day 18.5,2,0,0,12.958784103393555,0.21840500831604004
SRR7408893,1545122.0,embryonic day 18.5,2,0,0,12.958784103393555,0.21840500831604004
SRR7408894,739424.0,embryonic day 18.5,2,0,0,12.958784103393555,0.21840500831604004
SRR7408895,1301518.0,embryonic day 18.5,2,0,0,12.958784103393555,0.21840500831604004
SRR7408896,840862.0,embryonic day 18.5,2,0,0,12.958784103393555,0.21840500831604004
SRR7408897,654772.0,embryonic day 18.5,2,0,0,12.958784103393555,0.21840500831604004
SRR7408899,1282134.0,embryonic day 18.5,2,0,0,12.958784103393555,0.21840500831604004
SRR7408900,1411045.0,embryonic day 18.5,2,0,0,12.958784103393555,0.21840500831604004
SRR7408901,1609198.0,embryonic day 18.5,2,0,0,12.958784103393555,0.21840500831604004
SRR7408902,489401.0,embryonic day 18.5,2,0,0,12.958784103393555,0.21840500831604004
SRR7408903,668496.0,embryonic day 18.5,2,0,0,12.958784103393555,0.21840500831604004
SRR7408905,799977.0,embryonic day 18.5,2,0,0,12.958784103393555,0.21840500831604004
SRR7408906,639906.0,embryonic day 18.5,2,0,0,12.958784103393555,0.21840500831604004
SRR7408908,576437.0,embryonic day 18.5,2,0,0,12.958784103393555,0.21840500831604004
SRR7408909,809662.0,embryonic day 18.5,2,0,0,12.958784103393555,0.21840500831604004
SRR7408912,1098846.0,embryonic day 18.5,2,0,0,12.958784103393555,0.21840500831604004
SRR7408913,531423.0,embryonic day 18.5,2,0,0,12.958784103393555,0.21840500831604004
SRR7408914,745161.0,embryonic day 18.5,2,0,0,12.958784103393555,0.21840500831604004
SRR7408915,1371431.0,embryonic day 18.5,2,0,0,12.958784103393555,0.21840500831604004
SRR7408916,1777810.0,embryonic day 18.5,2,0,0,12.958784103393555,0.21840500831604004
SRR7408917,1357127.0,embryonic day 18.5,2,0,0,12.958784103393555,0.21840500831604004
SRR7408920,1591033.0,embryonic day 18.5,2,0,0,12.958784103393555,0.21840500831604004
SRR7408921,780400.0,embryonic day 18.5,2,0,0,12.958784103393555,0.21840500831604004
SRR7408923,1424706.0,embryonic day 18.5,2,0,0,12.958784103393555,0.21840500831604004
SRR7408924,604169.0,embryonic day 18.5,2,0,0,12.958784103393555,0.21840500831604004
SRR7408925,773125.0,embryonic day 18.5,2,0,0,12.958784103393555,0.21840500831604004
SRR7408926,938834.0,embryonic day 18.5,2,0,0,12.958784103393555,0.21840500831604004
SRR7408928,800849.0,embryonic day 18.5,2,0,0,12.958784103393555,0.21840500831604004
SRR7408930,806500.0,embryonic day 18.5,2,0,0,12.958784103393555,0.21840500831604004
SRR7408931,490169.0,embryonic day 18.5,2,0,0,12.958784103393555,0.21840500831604004
SRR7408935,1586169.0,embryonic day 18.5,2,0,0,12.958784103393555,0.21840500831604004
SRR7408936,658596.0,embryonic day 18.5,2,0,0,12.958784103393555,0.21840500831604004
SRR7408937,1066351.0,embryonic day 18.5,2,0,0,12.958784103393555,0.21840500831604004
SRR7408938,949342.0,embryonic day 18.5,2,0,0,12.958784103393555,0.21840500831604004
SRR7408939,1530928.0,embryonic day 18.5,2,0,0,12.958784103393555,0.21840500831604004
SRR7408940,1718955.0,embryonic day 18.5,2,0,0,12.958784103393555,0.21840500831604004
SRR7408942,709485.0,embryonic day 18.5,2,0,0,12.958784103393555,0.21840500831604004
SRR7408944,1088756.0,embryonic day 18.5,2,0,0,12.958784103393555,0.21840500831604004
SRR7408947,905596.0,embryonic day 18.5,2,0,0,12.958784103393555,0.21840500831604004
SRR7408948,723037.0,embryonic day 18.5,2,0,0,12.958784103393555,0.21840500831604004
SRR7408951,684648.0,embryonic day 18.5,2,0,0,12.958784103393555,0.21840500831604004
SRR7408952,784374.0,embryonic day 18.5,2,0,0,12.958784103393555,0.21840500831604004
SRR7408953,1368170.0,embryonic day 18.5,2,0,0,12.958784103393555,0.21840500831604004
SRR7408954,820493.0,embryonic day 18.5,2,0,0,12.958784103393555,0.21840500831604004
SRR7408955,955386.0,embryonic day 18.5,2,0,0,12.958784103393555,0.21840500831604004
SRR7408957,545105.0,embryonic day 18.5,2,0,0,12.958784103393555,0.21840500831604004
SRR7408958,1167990.0,embryonic day 18.5,2,0,0,12.958784103393555,0.21840500831604004
SRR7408960,742591.0,embryonic day 18.5,2,0,0,12.958784103393555,0.21840500831604004
SRR7408961,569079.0,embryonic day 18.5,2,0,0,12.958784103393555,0.21840500831604004
SRR7408962,753258.0,embryonic day 18.5,2,0,0,12.958784103393555,0.21840500831604004
SRR7408965,666601.0,embryonic day 18.5,2,0,0,12.958784103393555,0.21840500831604004
SRR7408966,625261.0,embryonic day 18.5,2,0,0,12.958784103393555,0.21840500831604004
SRR7408967,962036.0,embryonic day 18.5,2,0,0,12.958784103393555,0.21840500831604004
SRR7408969,751545.0,embryonic day 18.5,2,0,0,12.958784103393555,0.21840500831604004
SRR7408971,1799884.0,embryonic day 18.5,2,0,0,12.958784103393555,0.21840500831604004
SRR7408973,2426744.0,embryonic day 18.5,2,0,0,12.958784103393555,0.21840500831604004
SRR7408974,3143082.0,embryonic day 18.5,2,0,0,12.958784103393555,0.21840500831604004
SRR7408975,2155936.0,embryonic day 18.5,2,0,0,12.958784103393555,0.21840500831604004
SRR7408976,2272373.0,embryonic day 18.5,2,0,0,12.958784103393555,0.21840500831604004
SRR7408977,1732875.0,embryonic day 18.5,2,0,0,12.958784103393555,0.21840500831604004
SRR7408978,575496.0,embryonic day 18.5,2,0,0,12.958784103393555,0.21840500831604004
SRR7408979,448273.0,embryonic day 18.5,2,0,0,12.958784103393555,0.21840500831604004
SRR7408980,1053283.0,embryonic day 18.5,2,0,0,12.958784103393555,0.21840500831604004
SRR7408981,904054.0,embryonic day 18.5,2,0,0,12.958784103393555,0.21840500831604004
SRR7408982,1738781.0,embryonic day 18.5,2,0,0,12.958784103393555,0.21840500831604004
SRR7408983,1204921.0,embryonic day 18.5,2,0,0,12.958784103393555,0.21840500831604004
SRR7408984,1355670.0,embryonic day 18.5,2,0,0,12.958784103393555,0.21840500831604004
SRR7408985,1401584.0,embryonic day 18.5,2,0,0,12.958784103393555,0.21840500831604004
SRR7408986,2599335.0,embryonic day 18.5,2,0,0,12.958784103393555,0.21840500831604004
SRR7408987,1116829.0,embryonic day 18.5,2,0,0,12.958784103393555,0.21840500831604004
SRR7408988,1010415.0,embryonic day 18.5,2,0,0,12.958784103393555,0.21840500831604004
SRR7408989,1513662.0,embryonic day 18.5,2,0,0,12.958784103393555,0.21840500831604004
SRR7408990,666483.0,embryonic day 18.5,2,0,0,12.958784103393555,0.21840500831604004
SRR7408991,1756846.0,embryonic day 18.5,2,0,0,12.958784103393555,0.21840500831604004
SRR7408992,1130523.0,embryonic day 18.5,2,0,0,12.958784103393555,0.21840500831604004
SRR7408993,655564.0,embryonic day 18.5,2,0,0,12.958784103393555,0.21840500831604004
SRR7408994,1119072.0,embryonic day 18.5,2,0,0,12.958784103393555,0.21840500831604004
SRR7408995,2015055.0,embryonic day 18.5,2,0,0,12.958784103393555,0.21840500831604004
SRR7408996,1264500.0,embryonic day 18.5,2,0,0,12.958784103393555,0.21840500831604004
SRR7408997,3201819.0,embryonic day 18.5,2,0,0,12.958784103393555,0.21840500831604004
SRR7408998,512169.0,embryonic day 18.5,2,0,0,12.958784103393555,0.21840500831604004
SRR7408999,1474354.0,embryonic day 18.5,2,0,0,12.958784103393555,0.21840500831604004
SRR7409000,3401587.0,embryonic day 18.5,2,0,0,12.958784103393555,0.21840500831604004
SRR7409001,814450.0,embryonic day 18.5,2,0,0,12.958784103393555,0.21840500831604004
SRR7409002,1115560.0,embryonic day 18.5,2,0,0,12.958784103393555,0.21840500831604004
SRR7409003,1136219.0,embryonic day 18.5,2,0,0,12.958784103393555,0.21840500831604004
SRR7409004,4245479.0,embryonic day 18.5,2,0,0,12.958784103393555,0.21840500831604004
SRR7409005,2422444.0,embryonic day 18.5,2,0,0,12.958784103393555,0.21840500831604004
SRR7409006,1433756.0,embryonic day 18.5,2,0,0,12.958784103393555,0.21840500831604004
SRR7409007,2520750.0,embryonic day 18.5,2,0,0,12.958784103393555,0.21840500831604004
SRR7409008,1410404.0,embryonic day 18.5,2,0,0,12.958784103393555,0.21840500831604004
SRR7409009,1125146.0,embryonic day 18.5,2,0,0,12.958784103393555,0.21840500831604004
SRR7409010,1681273.0,embryonic day 18.5,2,0,0,12.958784103393555,0.21840500831604004
SRR7409011,874911.0,embryonic day 18.5,2,0,0,12.958784103393555,0.21840500831604004
SRR7409012,1773126.0,embryonic day 18.5,2,0,0,12.958784103393555,0.21840500831604004
SRR7409013,928767.0,embryonic day 18.5,2,0,0,12.958784103393555,0.21840500831604004
SRR7409014,1988151.0,embryonic day 18.5,2,0,0,12.958784103393555,0.21840500831604004
SRR7409015,1053703.0,embryonic day 18.5,2,0,0,12.958784103393555,0.21840500831604004
SRR7409016,1084015.0,embryonic day 18.5,2,0,0,12.958784103393555,0.21840500831604004
SRR7409017,851514.0,embryonic day 18.5,2,0,0,12.958784103393555,0.21840500831604004
SRR7409018,708588.0,embryonic day 18.5,2,0,0,12.958784103393555,0.21840500831604004
SRR7409019,2094048.0,embryonic day 18.5,2,0,0,12.958784103393555,0.21840500831604004
SRR7409021,1472392.0,embryonic day 18.5,2,0,0,12.958784103393555,0.21840500831604004
SRR7409022,1236754.0,embryonic day 18.5,2,0,0,12.958784103393555,0.21840500831604004
SRR7409023,881820.0,embryonic day 18.5,2,0,0,12.958784103393555,0.21840500831604004
SRR7409024,1266102.0,embryonic day 18.5,2,0,0,12.958784103393555,0.21840500831604004
SRR7409025,957065.0,embryonic day 18.5,2,0,0,12.958784103393555,0.21840500831604004
SRR7409026,907800.0,embryonic day 18.5,2,0,0,12.958784103393555,0.21840500831604004
SRR7409027,1315086.0,embryonic day 18.5,2,0,0,12.958784103393555,0.21840500831604004
SRR7409028,1007070.0,embryonic day 18.5,2,0,0,12.958784103393555,0.21840500831604004
SRR7409029,876954.0,embryonic day 18.5,2,0,0,12.958784103393555,0.21840500831604004
SRR7409030,1590352.0,embryonic day 18.5,2,0,0,12.958784103393555,0.21840500831604004
SRR7409031,3966557.0,embryonic day 18.5,2,0,0,12.958784103393555,0.21840500831604004
SRR7409033,1803518.0,embryonic day 18.5,2,0,0,12.958784103393555,0.21840500831604004
SRR7409034,682855.0,embryonic day 18.5,2,0,0,12.958784103393555,0.21840500831604004
SRR7409035,1118692.0,embryonic day 18.5,2,0,0,12.958784103393555,0.21840500831604004
SRR7409036,1475443.0,embryonic day 18.5,2,0,0,12.958784103393555,0.21840500831604004
SRR7409037,1814998.0,embryonic day 18.5,2,0,0,12.958784103393555,0.21840500831604004
SRR7409038,1618888.0,embryonic day 18.5,2,0,0,12.958784103393555,0.21840500831604004
SRR7409039,1759258.0,embryonic day 18.5,2,0,0,12.958784103393555,0.21840500831604004
SRR7409040,1090003.0,embryonic day 18.5,2,0,0,12.958784103393555,0.21840500831604004
SRR7409041,1142582.0,embryonic day 18.5,2,0,0,12.958784103393555,0.21840500831604004
SRR7409043,1618462.0,embryonic day 18.5,2,0,0,12.958784103393555,0.21840500831604004
SRR7409044,1078994.0,embryonic day 18.5,2,0,0,12.958784103393555,0.21840500831604004
SRR7409045,2542786.0,embryonic day 18.5,2,0,0,12.958784103393555,0.21840500831604004
SRR7409046,708441.0,embryonic day 18.5,2,0,0,12.958784103393555,0.21840500831604004
SRR7409047,1072728.0,embryonic day 18.5,2,0,0,12.958784103393555,0.21840500831604004
SRR7409048,1233191.0,embryonic day 18.5,2,0,0,12.958784103393555,0.21840500831604004
SRR7409050,1366318.0,embryonic day 18.5,2,0,0,12.958784103393555,0.21840500831604004
SRR7409051,2458121.0,embryonic day 18.5,2,0,0,12.958784103393555,0.21840500831604004
SRR7409052,718268.0,embryonic day 18.5,2,0,0,12.958784103393555,0.21840500831604004
SRR7409054,1343968.0,embryonic day 18.5,2,0,0,12.958784103393555,0.21840500831604004
SRR7409055,1685262.0,embryonic day 18.5,2,0,0,12.958784103393555,0.21840500831604004
SRR7409057,1357802.0,embryonic day 18.5,2,0,0,12.958784103393555,0.21840500831604004
SRR7409058,746018.0,embryonic day 18.5,2,0,0,12.958784103393555,0.21840500831604004
SRR7409059,1546901.0,embryonic day 18.5,2,0,0,12.958784103393555,0.21840500831604004
SRR7409060,756032.0,embryonic day 18.5,2,0,0,12.958784103393555,0.21840500831604004
SRR7409061,2359379.0,embryonic day 18.5,2,0,0,12.958784103393555,0.21840500831604004
SRR7409062,1486815.0,embryonic day 18.5,2,0,0,12.958784103393555,0.21840500831604004
SRR7409064,497187.0,postnatal day 1,3,0,0,12.958784103393555,0.21840500831604004
SRR7409067,1316389.0,postnatal day 1,3,0,0,12.958784103393555,0.21840500831604004
SRR7409071,2702158.0,postnatal day 1,3,0,0,12.958784103393555,0.21840500831604004
SRR7409072,1311786.0,postnatal day 1,3,0,0,12.958784103393555,0.21840500831604004
SRR7409074,1537051.0,postnatal day 1,3,0,0,12.958784103393555,0.21840500831604004
SRR7409075,336946.0,postnatal day 1,3,0,0,12.958784103393555,0.21840500831604004
SRR7409076,805221.0,postnatal day 1,3,0,0,12.958784103393555,0.21840500831604004
SRR7409077,1780484.0,postnatal day 1,3,0,0,12.958784103393555,0.21840500831604004
SRR7409078,1746579.0,postnatal day 1,3,0,0,12.958784103393555,0.21840500831604004
SRR7409081,1382833.0,postnatal day 1,3,0,0,12.958784103393555,0.21840500831604004
SRR7409085,1611235.0,postnatal day 1,3,0,0,12.958784103393555,0.21840500831604004
SRR7409086,1608968.0,postnatal day 1,3,0,0,12.958784103393555,0.21840500831604004
SRR7409087,1589760.0,postnatal day 1,3,0,0,12.958784103393555,0.21840500831604004
SRR7409089,1416795.0,postnatal day 1,3,0,0,12.958784103393555,0.21840500831604004
SRR7409091,1246786.0,postnatal day 1,3,0,0,12.958784103393555,0.21840500831604004
SRR7409092,1497589.0,postnatal day 1,3,0,0,12.958784103393555,0.21840500831604004
SRR7409093,1819362.0,postnatal day 1,3,0,0,12.958784103393555,0.21840500831604004
SRR7409094,1436997.0,postnatal day 1,3,0,0,12.958784103393555,0.21840500831604004
SRR7409098,1318689.0,postnatal day 1,3,0,0,12.958784103393555,0.21840500831604004
SRR7409099,1548988.0,postnatal day 1,3,0,0,12.958784103393555,0.21840500831604004
SRR7409100,1017593.0,postnatal day 1,3,0,0,12.958784103393555,0.21840500831604004
SRR7409101,1306866.0,postnatal day 1,3,0,0,12.958784103393555,0.21840500831604004
SRR7409103,712600.0,postnatal day 1,3,0,0,12.958784103393555,0.21840500831604004
SRR7409104,1182802.0,postnatal day 1,3,0,0,12.958784103393555,0.21840500831604004
SRR7409107,1559040.0,postnatal day 1,3,0,0,12.958784103393555,0.21840500831604004
SRR7409109,1219737.0,postnatal day 1,3,0,0,12.958784103393555,0.21840500831604004
SRR7409110,1448336.0,postnatal day 1,3,0,0,12.958784103393555,0.21840500831604004
SRR7409112,1053103.0,postnatal day 1,3,0,0,12.958784103393555,0.21840500831604004
SRR7409113,1186868.0,postnatal day 1,3,0,0,12.958784103393555,0.21840500831604004
SRR7409115,1123901.0,postnatal day 1,3,0,0,12.958784103393555,0.21840500831604004
SRR7409117,2098250.0,postnatal day 1,3,0,0,12.958784103393555,0.21840500831604004
SRR7409118,1924477.0,postnatal day 1,3,0,0,12.958784103393555,0.21840500831604004
SRR7409119,1372499.0,postnatal day 1,3,0,0,12.958784103393555,0.21840500831604004
SRR7409120,1969584.0,postnatal day 1,3,0,0,12.958784103393555,0.21840500831604004
SRR7409122,1152549.0,postnatal day 1,3,0,0,12.958784103393555,0.21840500831604004
SRR7409123,1843249.0,postnatal day 1,3,0,0,12.958784103393555,0.21840500831604004
SRR7409125,1505248.0,postnatal day 1,3,0,0,12.958784103393555,0.21840500831604004
SRR7409126,1189917.0,postnatal day 1,3,0,0,12.958784103393555,0.21840500831604004
SRR7409127,1315120.0,postnatal day 1,3,0,0,12.958784103393555,0.21840500831604004
SRR7409129,1707990.0,postnatal day 1,3,0,0,12.958784103393555,0.21840500831604004
SRR7409130,2371711.0,postnatal day 1,3,0,0,12.958784103393555,0.21840500831604004
SRR7409131,1548065.0,postnatal day 1,3,0,0,12.958784103393555,0.21840500831604004
SRR7409132,2314984.0,postnatal day 1,3,0,0,12.958784103393555,0.21840500831604004
SRR7409133,1454840.0,postnatal day 1,3,0,0,12.958784103393555,0.21840500831604004
SRR7409134,1823510.0,postnatal day 1,3,0,0,12.958784103393555,0.21840500831604004
SRR7409135,1268588.0,postnatal day 1,3,0,0,12.958784103393555,0.21840500831604004
SRR7409137,1515253.0,postnatal day 1,3,0,0,12.958784103393555,0.21840500831604004
SRR7409138,1795828.0,postnatal day 1,3,0,0,12.958784103393555,0.21840500831604004
SRR7409139,1206455.0,postnatal day 1,3,0,0,12.958784103393555,0.21840500831604004
SRR7409140,1042812.0,postnatal day 1,3,0,0,12.958784103393555,0.21840500831604004
SRR7409141,1402554.0,postnatal day 1,3,0,0,12.958784103393555,0.21840500831604004
SRR7409144,1857471.0,postnatal day 1,3,0,0,12.958784103393555,0.21840500831604004
SRR7409145,1562679.0,postnatal day 1,3,0,0,12.958784103393555,0.21840500831604004
SRR7409146,1197161.0,postnatal day 1,3,0,0,12.958784103393555,0.21840500831604004
SRR7409147,1309737.0,postnatal day 1,3,0,0,12.958784103393555,0.21840500831604004
SRR7409148,924970.0,postnatal day 1,3,0,0,12.958784103393555,0.21840500831604004
SRR7409151,922798.0,postnatal day 1,3,0,0,12.958784103393555,0.21840500831604004
SRR7409152,943298.0,postnatal day 1,3,0,0,12.958784103393555,0.21840500831604004
SRR7409153,1491243.0,postnatal day 1,3,0,0,12.958784103393555,0.21840500831604004
SRR7409156,735821.0,postnatal day 1,3,0,0,12.958784103393555,0.21840500831604004
SRR7409157,602201.0,postnatal day 1,3,0,0,12.958784103393555,0.21840500831604004
SRR7409160,1195483.0,postnatal day 1,3,0,0,12.958784103393555,0.21840500831604004
SRR7409161,1013116.0,postnatal day 1,3,0,0,12.958784103393555,0.21840500831604004
SRR7409162,2050067.0,postnatal day 1,3,0,0,12.958784103393555,0.21840500831604004
SRR7409163,1036026.0,postnatal day 1,3,0,0,12.958784103393555,0.21840500831604004
SRR7409164,1604944.0,postnatal day 1,3,0,0,12.958784103393555,0.21840500831604004
SRR7409166,1641263.0,postnatal day 1,3,0,0,12.958784103393555,0.21840500831604004
SRR7409167,1457359.0,postnatal day 1,3,0,0,12.958784103393555,0.21840500831604004
SRR7409169,1555647.0,postnatal day 1,3,0,0,12.958784103393555,0.21840500831604004
SRR7409170,894396.0,postnatal day 1,3,0,0,12.958784103393555,0.21840500831604004
SRR7409171,966865.0,postnatal day 1,3,0,0,12.958784103393555,0.21840500831604004
SRR7409173,659008.0,postnatal day 1,3,0,0,12.958784103393555,0.21840500831604004
SRR7409174,1364065.0,postnatal day 1,3,0,0,12.958784103393555,0.21840500831604004
SRR7409175,1435405.0,postnatal day 1,3,0,0,12.958784103393555,0.21840500831604004
SRR7409176,1602021.0,postnatal day 1,3,0,0,12.958784103393555,0.21840500831604004
SRR7409181,1124552.0,postnatal day 1,3,0,0,12.958784103393555,0.21840500831604004
SRR7409183,1000539.0,postnatal day 1,3,0,0,12.958784103393555,0.21840500831604004
SRR7409185,1340153.0,postnatal day 1,3,0,0,12.958784103393555,0.21840500831604004
SRR7409188,1704028.0,postnatal day 1,3,0,0,12.958784103393555,0.21840500831604004
SRR7409189,1294541.0,postnatal day 1,3,0,0,12.958784103393555,0.21840500831604004
SRR7409190,1605018.0,postnatal day 1,3,0,0,12.958784103393555,0.21840500831604004
SRR7409191,1463914.0,postnatal day 1,3,0,0,12.958784103393555,0.21840500831604004
SRR7409192,479964.0,postnatal day 1,3,0,0,12.958784103393555,0.21840500831604004
SRR7409193,1942470.0,postnatal day 1,3,0,0,12.958784103393555,0.21840500831604004
SRR7409195,878714.0,postnatal day 1,3,0,0,12.958784103393555,0.21840500831604004
SRR7409196,1690660.0,postnatal day 1,3,0,0,12.958784103393555,0.21840500831604004
SRR7409197,729140.0,postnatal day 1,3,0,0,12.958784103393555,0.21840500831604004
SRR7409199,791179.0,postnatal day 1,3,0,0,12.958784103393555,0.21840500831604004
SRR7409200,1095601.0,postnatal day 1,3,0,0,12.958784103393555,0.21840500831604004
SRR7409201,1113973.0,postnatal day 1,3,0,0,12.958784103393555,0.21840500831604004
SRR7409203,1582164.0,postnatal day 1,3,0,0,12.958784103393555,0.21840500831604004
SRR7409205,966283.0,postnatal day 1,3,0,0,12.958784103393555,0.21840500831604004
SRR7409210,1138265.0,postnatal day 1,3,0,0,12.958784103393555,0.21840500831604004
SRR7409211,912059.0,postnatal day 1,3,0,0,12.958784103393555,0.21840500831604004
SRR7409214,1352935.0,postnatal day 1,3,0,0,12.958784103393555,0.21840500831604004
SRR7409215,1113447.0,postnatal day 1,3,0,0,12.958784103393555,0.21840500831604004
SRR7409216,675199.0,postnatal day 1,3,0,0,12.958784103393555,0.21840500831604004
SRR7409217,1117263.0,postnatal day 1,3,0,0,12.958784103393555,0.21840500831604004
SRR7409222,1275908.0,postnatal day 1,3,0,0,12.958784103393555,0.21840500831604004
SRR7409223,786408.0,postnatal day 1,3,0,0,12.958784103393555,0.21840500831604004
SRR7409228,1410218.0,postnatal day 1,3,0,0,12.958784103393555,0.21840500831604004
SRR7409229,1440274.0,postnatal day 1,3,0,0,12.958784103393555,0.21840500831604004
SRR7409231,1051800.0,postnatal day 1,3,0,0,12.958784103393555,0.21840500831604004
SRR7409233,1083287.0,postnatal day 1,3,0,0,12.958784103393555,0.21840500831604004
SRR7409235,1035632.0,postnatal day 1,3,0,0,12.958784103393555,0.21840500831604004
SRR7409238,631506.0,postnatal day 1,3,0,0,12.958784103393555,0.21840500831604004
SRR7409239,895999.0,postnatal day 1,3,0,0,12.958784103393555,0.21840500831604004
SRR7409240,1614852.0,postnatal day 1,3,0,0,12.958784103393555,0.21840500831604004
SRR7409242,1428197.0,postnatal day 1,3,0,0,12.958784103393555,0.21840500831604004
SRR7409243,1217771.0,postnatal day 1,3,0,0,12.958784103393555,0.21840500831604004
SRR7409244,864809.0,postnatal day 1,3,0,0,12.958784103393555,0.21840500831604004
SRR7409245,618188.0,postnatal day 1,3,0,0,12.958784103393555,0.21840500831604004
SRR7409247,3001747.0,postnatal day 1,3,0,0,12.958784103393555,0.21840500831604004
SRR7409251,782169.0,postnatal day 1,3,0,0,12.958784103393555,0.21840500831604004
SRR7409252,626777.0,postnatal day 1,3,0,0,12.958784103393555,0.21840500831604004
SRR7409253,1329952.0,postnatal day 1,3,0,0,12.958784103393555,0.21840500831604004
SRR7409255,1778257.0,postnatal day 1,3,0,0,12.958784103393555,0.21840500831604004
SRR7409257,1676376.0,postnatal day 1,3,0,0,12.958784103393555,0.21840500831604004
SRR7409258,1591630.0,postnatal day 1,3,0,0,12.958784103393555,0.21840500831604004
SRR7409259,1077165.0,postnatal day 1,3,0,0,12.958784103393555,0.21840500831604004
SRR7409260,1947226.0,postnatal day 1,3,0,0,12.958784103393555,0.21840500831604004
SRR7409262,2106643.0,postnatal day 1,3,0,0,12.958784103393555,0.21840500831604004
SRR7409264,1638028.0,postnatal day 1,3,0,0,12.958784103393555,0.21840500831604004
SRR7409265,1445054.0,postnatal day 1,3,0,0,12.958784103393555,0.21840500831604004
SRR7409266,1467875.0,postnatal day 1,3,0,0,12.958784103393555,0.21840500831604004
SRR7409267,1869473.0,postnatal day 1,3,0,0,12.958784103393555,0.21840500831604004
SRR7409268,1544012.0,postnatal day 1,3,0,0,12.958784103393555,0.21840500831604004
SRR7409269,1783610.0,postnatal day 1,3,0,0,12.958784103393555,0.21840500831604004
SRR7409270,1223778.0,postnatal day 1,3,0,0,12.958784103393555,0.21840500831604004
SRR7409271,1545508.0,postnatal day 1,3,0,0,12.958784103393555,0.21840500831604004
SRR7409272,1414219.0,postnatal day 1,3,0,0,12.958784103393555,0.21840500831604004
SRR7409273,933601.0,postnatal day 1,3,0,0,12.958784103393555,0.21840500831604004
SRR7409274,397192.0,postnatal day 1,3,0,0,12.958784103393555,0.21840500831604004
SRR7409275,2625082.0,postnatal day 1,3,0,0,12.958784103393555,0.21840500831604004
SRR7409276,1547480.0,postnatal day 1,3,0,0,12.958784103393555,0.21840500831604004
SRR7409277,1516980.0,postnatal day 1,3,0,0,12.958784103393555,0.21840500831604004
SRR7409279,1060611.0,postnatal day 1,3,0,0,12.958784103393555,0.21840500831604004
SRR7409280,1322832.0,postnatal day 1,3,0,0,12.958784103393555,0.21840500831604004
SRR7409281,1396574.0,postnatal day 1,3,0,0,12.958784103393555,0.21840500831604004
SRR7409282,2028438.0,postnatal day 1,3,0,0,12.958784103393555,0.21840500831604004
SRR7409283,1927236.0,postnatal day 1,3,0,0,12.958784103393555,0.21840500831604004
SRR7409284,1994448.0,postnatal day 1,3,0,0,12.958784103393555,0.21840500831604004
SRR7409286,752279.0,postnatal day 1,3,0,0,12.958784103393555,0.21840500831604004
SRR7409287,1658339.0,postnatal day 1,3,0,0,12.958784103393555,0.21840500831604004
SRR7409291,1822063.0,postnatal day 1,3,0,0,12.958784103393555,0.21840500831604004
SRR7409294,1790969.0,postnatal day 1,3,0,0,12.958784103393555,0.21840500831604004
SRR7409295,1877633.0,postnatal day 1,3,0,0,12.958784103393555,0.21840500831604004
SRR7409296,717194.0,postnatal day 1,3,0,0,12.958784103393555,0.21840500831604004
SRR7409297,1349089.0,postnatal day 1,3,0,0,12.958784103393555,0.21840500831604004
SRR7409298,966399.0,postnatal day 1,3,0,0,12.958784103393555,0.21840500831604004
SRR7409299,1327806.0,postnatal day 1,3,0,0,12.958784103393555,0.21840500831604004
SRR7409300,1313462.0,postnatal day 1,3,0,0,12.958784103393555,0.21840500831604004
SRR7409301,1429546.0,postnatal day 1,3,0,0,12.958784103393555,0.21840500831604004
SRR7409302,1332294.0,postnatal day 1,3,0,0,12.958784103393555,0.21840500831604004
SRR7409303,1947143.0,postnatal day 1,3,0,0,12.958784103393555,0.21840500831604004
SRR7409309,1714901.0,postnatal day 1,3,0,0,12.958784103393555,0.21840500831604004
SRR7409310,2025376.0,postnatal day 1,3,0,0,12.958784103393555,0.21840500831604004
SRR7409312,1610375.0,postnatal day 1,3,0,0,12.958784103393555,0.21840500831604004
SRR7409313,1645713.0,postnatal day 1,3,0,0,12.958784103393555,0.21840500831604004
SRR7409319,2037846.0,postnatal day 1,3,0,0,12.958784103393555,0.21840500831604004
SRR7409320,1839675.0,postnatal day 1,3,0,0,12.958784103393555,0.21840500831604004
SRR7409322,1922050.0,postnatal day 1,3,0,0,12.958784103393555,0.21840500831604004
SRR7409323,2100998.0,postnatal day 1,3,0,0,12.958784103393555,0.21840500831604004
SRR7409326,1384467.0,postnatal day 1,3,0,0,12.958784103393555,0.21840500831604004
SRR7409327,733379.0,postnatal day 1,3,0,0,12.958784103393555,0.21840500831604004
SRR7409328,1011662.0,postnatal day 1,3,0,0,12.958784103393555,0.21840500831604004
SRR7409329,596586.0,postnatal day 1,3,0,0,12.958784103393555,0.21840500831604004
SRR7409330,2084613.0,postnatal day 1,3,0,0,12.958784103393555,0.21840500831604004
SRR7409331,1623305.0,postnatal day 1,3,0,0,12.958784103393555,0.21840500831604004
SRR7409332,1005238.0,postnatal day 1,3,0,0,12.958784103393555,0.21840500831604004
SRR7409334,1219615.0,postnatal day 1,3,0,0,12.958784103393555,0.21840500831604004
SRR7409336,1270940.0,postnatal day 1,3,0,0,12.958784103393555,0.21840500831604004
SRR7409337,782274.0,postnatal day 1,3,0,0,12.958784103393555,0.21840500831604004
SRR7409338,924421.0,postnatal day 1,3,0,0,12.958784103393555,0.21840500831604004
SRR7409339,1220116.0,postnatal day 1,3,0,0,12.958784103393555,0.21840500831604004
SRR7409340,968061.0,postnatal day 1,3,0,0,12.958784103393555,0.21840500831604004
SRR7409341,907136.0,postnatal day 1,3,0,0,12.958784103393555,0.21840500831604004
SRR7409343,1164267.0,postnatal day 1,3,0,0,12.958784103393555,0.21840500831604004
SRR7409344,1253017.0,postnatal day 1,3,0,0,12.958784103393555,0.21840500831604004
SRR7409345,1302367.0,postnatal day 1,3,0,0,12.958784103393555,0.21840500831604004
SRR7409346,831014.0,postnatal day 1,3,0,0,12.958784103393555,0.21840500831604004
SRR7409347,739797.0,postnatal day 1,3,0,0,12.958784103393555,0.21840500831604004
SRR7409348,1616056.0,postnatal day 1,3,0,0,12.958784103393555,0.21840500831604004
SRR7409349,608309.0,postnatal day 1,3,0,0,12.958784103393555,0.21840500831604004
SRR7409350,974289.0,postnatal day 1,3,0,0,12.958784103393555,0.21840500831604004
SRR7409351,1732351.0,postnatal day 1,3,0,0,12.958784103393555,0.21840500831604004
SRR7409352,1877308.0,postnatal day 1,3,0,0,12.958784103393555,0.21840500831604004
SRR7409353,1422900.0,postnatal day 1,3,0,0,12.958784103393555,0.21840500831604004
SRR7409354,1086547.0,postnatal day 1,3,0,0,12.958784103393555,0.21840500831604004
SRR7409355,1188954.0,postnatal day 1,3,0,0,12.958784103393555,0.21840500831604004
SRR7409356,815262.0,postnatal day 1,3,0,0,12.958784103393555,0.21840500831604004
SRR7409359,1788045.0,postnatal day 1,3,0,0,12.958784103393555,0.21840500831604004
SRR7409360,1434454.0,postnatal day 1,3,0,0,12.958784103393555,0.21840500831604004
SRR7409362,2510171.0,postnatal day 1,3,0,0,12.958784103393555,0.21840500831604004
SRR7409363,1454586.0,postnatal day 1,3,0,0,12.958784103393555,0.21840500831604004
SRR7409364,1132936.0,postnatal day 1,3,0,0,12.958784103393555,0.21840500831604004
SRR7409365,731765.0,postnatal day 1,3,0,0,12.958784103393555,0.21840500831604004
SRR7409367,756174.0,postnatal day 1,3,0,0,12.958784103393555,0.21840500831604004
SRR7409369,1063003.0,postnatal day 1,3,0,0,12.958784103393555,0.21840500831604004
SRR7409370,413786.0,postnatal day 1,3,0,0,12.958784103393555,0.21840500831604004
SRR7409371,748829.0,postnatal day 1,3,0,0,12.958784103393555,0.21840500831604004
SRR7409372,1262082.0,postnatal day 1,3,0,0,12.958784103393555,0.21840500831604004
SRR7409373,1554351.0,postnatal day 1,3,0,0,12.958784103393555,0.21840500831604004
SRR7409374,1177856.0,postnatal day 1,3,0,0,12.958784103393555,0.21840500831604004
SRR7409375,1029039.0,postnatal day 1,3,0,0,12.958784103393555,0.21840500831604004
SRR7409376,964216.0,postnatal day 1,3,0,0,12.958784103393555,0.21840500831604004
SRR7409377,570726.0,postnatal day 1,3,0,0,12.958784103393555,0.21840500831604004
SRR7409378,1303281.0,postnatal day 1,3,0,0,12.958784103393555,0.21840500831604004
SRR7409379,593767.0,postnatal day 1,3,0,0,12.958784103393555,0.21840500831604004
SRR7409380,1651565.0,postnatal day 1,3,0,0,12.958784103393555,0.21840500831604004
SRR7409381,1270652.0,postnatal day 1,3,0,0,12.958784103393555,0.21840500831604004
SRR7409382,820377.0,postnatal day 1,3,0,0,12.958784103393555,0.21840500831604004
SRR7409383,718540.0,postnatal day 1,3,0,0,12.958784103393555,0.21840500831604004
SRR7409384,1687584.0,postnatal day 1,3,0,0,12.958784103393555,0.21840500831604004
SRR7409385,513361.0,postnatal day 1,3,0,0,12.958784103393555,0.21840500831604004
SRR7409386,1781017.0,postnatal day 1,3,0,0,12.958784103393555,0.21840500831604004
SRR7409387,951964.0,postnatal day 1,3,0,0,12.958784103393555,0.21840500831604004
SRR7409389,1433833.0,postnatal day 1,3,0,0,12.958784103393555,0.21840500831604004
SRR7409390,794282.0,postnatal day 1,3,0,0,12.958784103393555,0.21840500831604004
SRR7409391,557916.0,postnatal day 1,3,0,0,12.958784103393555,0.21840500831604004
SRR7409392,641546.0,postnatal day 1,3,0,0,12.958784103393555,0.21840500831604004
SRR7409393,1509246.0,postnatal day 1,3,0,0,12.958784103393555,0.21840500831604004
SRR7409394,2088170.0,postnatal day 1,3,0,0,12.958784103393555,0.21840500831604004
SRR7409395,836589.0,postnatal day 1,3,0,0,12.958784103393555,0.21840500831604004
SRR7409396,713476.0,postnatal day 1,3,0,0,12.958784103393555,0.21840500831604004
SRR7409397,1280634.0,postnatal day 1,3,0,0,12.958784103393555,0.21840500831604004
SRR7409398,1037945.0,postnatal day 1,3,0,0,12.958784103393555,0.21840500831604004
SRR7409399,1586395.0,postnatal day 1,3,0,0,12.958784103393555,0.21840500831604004
SRR7409400,1933769.0,postnatal day 1,3,0,0,12.958784103393555,0.21840500831604004
SRR7409401,1127906.0,postnatal day 1,3,0,0,12.958784103393555,0.21840500831604004
SRR7409402,478218.0,postnatal day 1,3,0,0,12.958784103393555,0.21840500831604004
SRR7409403,566003.0,postnatal day 1,3,0,0,12.958784103393555,0.21840500831604004
SRR7409404,630251.0,postnatal day 1,3,0,0,12.958784103393555,0.21840500831604004
SRR7409405,1456193.0,postnatal day 1,3,0,0,12.958784103393555,0.21840500831604004
SRR7409406,608478.0,postnatal day 1,3,0,0,12.958784103393555,0.21840500831604004
SRR7409407,1254088.0,postnatal day 1,3,0,0,12.958784103393555,0.21840500831604004
SRR7409409,299614.0,postnatal day 1,3,0,0,12.958784103393555,0.21840500831604004
SRR7409410,1339558.0,postnatal day 1,3,0,0,12.958784103393555,0.21840500831604004
SRR7409411,1666032.0,postnatal day 1,3,0,0,12.958784103393555,0.21840500831604004
SRR7409413,852848.0,postnatal day 1,3,0,0,12.958784103393555,0.21840500831604004
SRR7409414,1851808.0,postnatal day 1,3,0,0,12.958784103393555,0.21840500831604004
SRR7409415,550180.0,postnatal day 1,3,0,0,12.958784103393555,0.21840500831604004
SRR7409416,571448.0,postnatal day 1,3,0,0,12.958784103393555,0.21840500831604004
SRR7409417,4142041.0,postnatal day 1,3,0,0,12.958784103393555,0.21840500831604004
SRR7409418,3149769.0,postnatal day 1,3,0,0,12.958784103393555,0.21840500831604004
SRR7409419,1316658.0,postnatal day 1,3,0,0,12.958784103393555,0.21840500831604004
SRR7409422,838090.0,postnatal day 1,3,0,0,12.958784103393555,0.21840500831604004
SRR7409423,2345668.0,postnatal day 1,3,0,0,12.958784103393555,0.21840500831604004
SRR7409425,1685218.0,postnatal day 1,3,0,0,12.958784103393555,0.21840500831604004
SRR7409426,1863607.0,postnatal day 1,3,0,0,12.958784103393555,0.21840500831604004
SRR7409428,2560105.0,postnatal day 1,3,0,0,12.958784103393555,0.21840500831604004
SRR7409429,2975384.0,postnatal day 1,3,0,0,12.958784103393555,0.21840500831604004
SRR7409430,2148346.0,postnatal day 1,3,0,0,12.958784103393555,0.21840500831604004
SRR7409435,1682405.0,postnatal day 1,3,0,0,12.958784103393555,0.21840500831604004
SRR7409436,1395741.0,postnatal day 1,3,0,0,12.958784103393555,0.21840500831604004
SRR7409437,1997887.0,postnatal day 1,3,0,0,12.958784103393555,0.21840500831604004
SRR7409439,2415406.0,postnatal day 1,3,0,0,12.958784103393555,0.21840500831604004
SRR7409443,1733516.0,postnatal day 1,3,0,0,12.958784103393555,0.21840500831604004
SRR7409444,1369091.0,postnatal day 1,3,0,0,12.958784103393555,0.21840500831604004
SRR7409446,2023383.0,postnatal day 1,3,0,0,12.958784103393555,0.21840500831604004
SRR7409452,1457240.0,postnatal day 1,3,0,0,12.958784103393555,0.21840500831604004
SRR7409454,1404544.0,postnatal day 1,3,0,0,12.958784103393555,0.21840500831604004
SRR7409455,1059085.0,postnatal day 1,3,0,0,12.958784103393555,0.21840500831604004
SRR7409456,1278370.0,postnatal day 1,3,0,0,12.958784103393555,0.21840500831604004
SRR7409457,1561629.0,postnatal day 1,3,0,0,12.958784103393555,0.21840500831604004
SRR7409458,1761517.0,postnatal day 1,3,0,0,12.958784103393555,0.21840500831604004
SRR7409459,1093607.0,postnatal day 1,3,0,0,12.958784103393555,0.21840500831604004
SRR7409460,1576673.0,postnatal day 1,3,0,0,12.958784103393555,0.21840500831604004
SRR7409461,2290387.0,postnatal day 1,3,0,0,12.958784103393555,0.21840500831604004
SRR7409464,830757.0,postnatal day 1,3,0,0,12.958784103393555,0.21840500831604004
SRR7409466,1647155.0,postnatal day 1,3,0,0,12.958784103393555,0.21840500831604004
SRR7409471,3964473.0,postnatal day 1,3,0,0,12.958784103393555,0.21840500831604004
SRR7409472,2054132.0,postnatal day 1,3,0,0,12.958784103393555,0.21840500831604004
SRR7409474,873391.0,postnatal day 1,3,0,0,12.958784103393555,0.21840500831604004
SRR7409476,1600341.0,postnatal day 1,3,0,0,12.958784103393555,0.21840500831604004
SRR7409480,1945181.0,postnatal day 1,3,0,0,12.958784103393555,0.21840500831604004
SRR7409482,1408078.0,postnatal day 1,3,0,0,12.958784103393555,0.21840500831604004
SRR7409484,2216900.0,postnatal day 1,3,0,0,12.958784103393555,0.21840500831604004
SRR7409486,2044250.0,postnatal day 1,3,0,0,12.958784103393555,0.21840500831604004
SRR7409489,1509626.0,postnatal day 1,3,0,0,12.958784103393555,0.21840500831604004
SRR7409491,1631344.0,postnatal day 1,3,0,0,12.958784103393555,0.21840500831604004
SRR7409492,3262368.0,postnatal day 1,3,0,0,12.958784103393555,0.21840500831604004
SRR7409498,1222425.0,postnatal day 1,3,0,0,12.958784103393555,0.21840500831604004
SRR7409501,2376346.0,postnatal day 1,3,0,0,12.958784103393555,0.21840500831604004
SRR7409502,3065430.0,postnatal day 1,3,0,0,12.958784103393555,0.21840500831604004
SRR7409505,1665044.0,postnatal day 1,3,0,0,12.958784103393555,0.21840500831604004
SRR7409507,1815948.0,postnatal day 1,3,0,0,12.958784103393555,0.21840500831604004
SRR7409512,1011769.0,postnatal day 1,3,0,0,12.958784103393555,0.21840500831604004
SRR7409514,2080991.0,postnatal day 1,3,0,0,12.958784103393555,0.21840500831604004
SRR7409515,2270013.0,postnatal day 1,3,0,0,12.958784103393555,0.21840500831604004
SRR7409516,1237575.0,postnatal day 1,3,0,0,12.958784103393555,0.21840500831604004
SRR7409518,1369277.0,postnatal day 1,3,0,0,12.958784103393555,0.21840500831604004
SRR7409521,2464912.0,postnatal day 1,3,0,0,12.958784103393555,0.21840500831604004
SRR7409522,1350530.0,postnatal day 1,3,0,0,12.958784103393555,0.21840500831604004
SRR7409523,1813697.0,postnatal day 1,3,0,0,12.958784103393555,0.21840500831604004
SRR7409524,2151599.0,postnatal day 1,3,0,0,12.958784103393555,0.21840500831604004
SRR7409530,2003277.0,postnatal day 1,3,0,0,12.958784103393555,0.21840500831604004
SRR7409531,3204268.0,postnatal day 1,3,0,0,12.958784103393555,0.21840500831604004
SRR7409534,874585.0,postnatal day 1,3,0,0,12.958784103393555,0.21840500831604004
SRR7409537,1757221.0,postnatal day 1,3,0,0,12.958784103393555,0.21840500831604004
SRR7409539,2900253.0,postnatal day 1,3,0,0,12.958784103393555,0.21840500831604004
SRR7409541,1463548.0,postnatal day 1,3,0,0,12.958784103393555,0.21840500831604004
SRR7409542,1172990.0,postnatal day 1,3,0,0,12.958784103393555,0.21840500831604004
SRR7409543,912504.0,postnatal day 1,3,0,0,12.958784103393555,0.21840500831604004
SRR7409545,1022456.0,postnatal day 1,3,0,0,12.958784103393555,0.21840500831604004
SRR7409547,1444075.0,postnatal day 1,3,0,0,12.958784103393555,0.21840500831604004
SRR7409548,1623155.0,postnatal day 1,3,0,0,12.958784103393555,0.21840500831604004
SRR7409549,1243687.0,postnatal day 1,3,0,0,12.958784103393555,0.21840500831604004
SRR7409550,4760911.0,postnatal day 1,3,0,0,12.958784103393555,0.21840500831604004
SRR7409552,1546709.0,postnatal day 1,3,0,0,12.958784103393555,0.21840500831604004
SRR7409554,745448.0,postnatal day 1,3,0,0,12.958784103393555,0.21840500831604004
SRR7409555,1981606.0,postnatal day 1,3,0,0,12.958784103393555,0.21840500831604004
SRR7409556,2176588.0,postnatal day 1,3,0,0,12.958784103393555,0.21840500831604004
SRR7409558,990519.0,postnatal day 1,3,0,0,12.958784103393555,0.21840500831604004
SRR7409559,1047042.0,postnatal day 1,3,0,0,12.958784103393555,0.21840500831604004
SRR7409560,1192861.0,postnatal day 1,3,0,0,12.958784103393555,0.21840500831604004
SRR7409561,711089.0,postnatal day 1,3,0,0,12.958784103393555,0.21840500831604004
SRR7409563,426388.0,postnatal day 1,3,0,0,12.958784103393555,0.21840500831604004
SRR7409564,961269.0,postnatal day 1,3,0,0,12.958784103393555,0.21840500831604004
SRR7409565,1544813.0,postnatal day 1,3,0,0,12.958784103393555,0.21840500831604004
SRR7409566,2078697.0,postnatal day 1,3,0,0,12.958784103393555,0.21840500831604004
SRR7409567,1354070.0,postnatal day 1,3,0,0,12.958784103393555,0.21840500831604004
SRR7409568,1268984.0,postnatal day 1,3,0,0,12.958784103393555,0.21840500831604004
SRR7409570,487241.0,postnatal day 1,3,0,0,12.958784103393555,0.21840500831604004
SRR7409571,1609892.0,postnatal day 1,3,0,0,12.958784103393555,0.21840500831604004
SRR7409573,1740922.0,postnatal day 1,3,0,0,12.958784103393555,0.21840500831604004
SRR7409574,1507163.0,postnatal day 1,3,0,0,12.958784103393555,0.21840500831604004
SRR7409575,1403042.0,postnatal day 1,3,0,0,12.958784103393555,0.21840500831604004
SRR7409576,1628325.0,postnatal day 1,3,0,0,12.958784103393555,0.21840500831604004
SRR7409583,1943672.0,postnatal day 7,4,0,0,12.958784103393555,0.21840500831604004
SRR7409586,2685614.0,postnatal day 7,4,0,0,12.958784103393555,0.21840500831604004
SRR7409605,2174666.0,postnatal day 7,4,0,0,12.958784103393555,0.21840500831604004
SRR7409607,2713868.0,postnatal day 7,4,0,0,12.958784103393555,0.21840500831604004
SRR7409610,1027200.0,postnatal day 7,4,0,0,12.958784103393555,0.21840500831604004
SRR7409611,621869.0,postnatal day 7,4,0,0,12.958784103393555,0.21840500831604004
SRR7409612,2948815.0,postnatal day 7,4,0,0,12.958784103393555,0.21840500831604004
SRR7409613,1439240.0,postnatal day 7,4,0,0,12.958784103393555,0.21840500831604004
SRR7409615,733885.0,postnatal day 7,4,0,0,12.958784103393555,0.21840500831604004
SRR7409616,1521072.0,postnatal day 7,4,0,0,12.958784103393555,0.21840500831604004
SRR7409617,2137049.0,postnatal day 7,4,0,0,12.958784103393555,0.21840500831604004
SRR7409618,1027281.0,postnatal day 7,4,0,0,12.958784103393555,0.21840500831604004
SRR7409619,1176261.0,postnatal day 7,4,0,0,12.958784103393555,0.21840500831604004
SRR7409620,2287508.0,postnatal day 7,4,0,0,12.958784103393555,0.21840500831604004
SRR7409624,1580113.0,postnatal day 7,4,0,0,12.958784103393555,0.21840500831604004
SRR7409628,1560752.0,postnatal day 7,4,0,0,12.958784103393555,0.21840500831604004
SRR7409629,1647686.0,postnatal day 7,4,0,0,12.958784103393555,0.21840500831604004
SRR7409634,1468950.0,postnatal day 7,4,0,0,12.958784103393555,0.21840500831604004
SRR7409635,1172012.0,postnatal day 7,4,0,0,12.958784103393555,0.21840500831604004
SRR7409636,1121373.0,postnatal day 7,4,0,0,12.958784103393555,0.21840500831604004
SRR7409637,1162653.0,postnatal day 7,4,0,0,12.958784103393555,0.21840500831604004
SRR7409638,1015230.0,postnatal day 7,4,0,0,12.958784103393555,0.21840500831604004
SRR7409642,1885541.0,postnatal day 7,4,0,0,12.958784103393555,0.21840500831604004
SRR7409650,2615375.0,postnatal day 7,4,0,0,12.958784103393555,0.21840500831604004
SRR7409652,1480516.0,postnatal day 7,4,0,0,12.958784103393555,0.21840500831604004
SRR7409654,2462028.0,postnatal day 7,4,0,0,12.958784103393555,0.21840500831604004
SRR7409662,1930250.0,postnatal day 7,4,0,0,12.958784103393555,0.21840500831604004
SRR7409666,1627300.0,postnatal day 7,4,0,0,12.958784103393555,0.21840500831604004
SRR7409668,2183546.0,postnatal day 7,4,0,0,12.958784103393555,0.21840500831604004
SRR7409670,1650624.0,postnatal day 7,4,0,0,12.958784103393555,0.21840500831604004
SRR7409671,2226384.0,postnatal day 7,4,0,0,12.958784103393555,0.21840500831604004
SRR7409674,2120158.0,postnatal day 7,4,0,0,12.958784103393555,0.21840500831604004
SRR7409675,1175321.0,postnatal day 7,4,0,0,12.958784103393555,0.21840500831604004
SRR7409683,2954493.0,postnatal day 7,4,0,0,12.958784103393555,0.21840500831604004
SRR7409684,1961478.0,postnatal day 7,4,0,0,12.958784103393555,0.21840500831604004
SRR7409689,1748443.0,postnatal day 7,4,0,0,12.958784103393555,0.21840500831604004
SRR7409697,1889864.0,postnatal day 7,4,0,0,12.958784103393555,0.21840500831604004
SRR7409698,1621861.0,postnatal day 7,4,0,0,12.958784103393555,0.21840500831604004
SRR7409699,1601478.0,postnatal day 7,4,0,0,12.958784103393555,0.21840500831604004
SRR7409702,2076334.0,postnatal day 7,4,0,0,12.958784103393555,0.21840500831604004
SRR7409704,2321836.0,postnatal day 7,4,0,0,12.958784103393555,0.21840500831604004
SRR7409707,2055127.0,postnatal day 7,4,0,0,12.958784103393555,0.21840500831604004
SRR7409709,1879315.0,postnatal day 7,4,0,0,12.958784103393555,0.21840500831604004
SRR7409716,1717267.0,postnatal day 7,4,0,0,12.958784103393555,0.21840500831604004
SRR7409717,1960449.0,postnatal day 7,4,0,0,12.958784103393555,0.21840500831604004
SRR7409729,1972196.0,postnatal day 7,4,0,0,12.958784103393555,0.21840500831604004
SRR7409730,2515157.0,postnatal day 7,4,0,0,12.958784103393555,0.21840500831604004
SRR7409734,476026.0,postnatal day 7,4,0,0,12.958784103393555,0.21840500831604004
SRR7409736,2415319.0,postnatal day 7,4,0,0,12.958784103393555,0.21840500831604004
SRR7409740,2170747.0,postnatal day 7,4,0,0,12.958784103393555,0.21840500831604004
SRR7409749,1374518.0,postnatal day 7,4,0,0,12.958784103393555,0.21840500831604004
SRR7409755,3253298.0,postnatal day 7,4,0,0,12.958784103393555,0.21840500831604004
SRR7409760,2576303.0,postnatal day 7,4,0,0,12.958784103393555,0.21840500831604004
SRR7409763,2274923.0,postnatal day 7,4,0,0,12.958784103393555,0.21840500831604004
SRR7409766,1030086.0,postnatal day 90,5,0,0,12.958784103393555,0.21840500831604004
SRR7409767,1370257.0,postnatal day 90,5,0,0,12.958784103393555,0.21840500831604004
SRR7409768,763393.0,postnatal day 90,5,0,0,12.958784103393555,0.21840500831604004
SRR7409769,1116202.0,postnatal day 90,5,0,0,12.958784103393555,0.21840500831604004
SRR7409770,1139193.0,postnatal day 90,5,0,0,12.958784103393555,0.21840500831604004
SRR7409771,1221822.0,postnatal day 90,5,0,0,12.958784103393555,0.21840500831604004
SRR7409772,1490799.0,postnatal day 90,5,0,0,12.958784103393555,0.21840500831604004
SRR7409773,1025492.0,postnatal day 90,5,0,0,12.958784103393555,0.21840500831604004
SRR7409775,995051.0,postnatal day 90,5,0,0,12.958784103393555,0.21840500831604004
SRR7409776,1263792.0,postnatal day 90,5,0,0,12.958784103393555,0.21840500831604004
SRR7409777,1287567.0,postnatal day 90,5,0,0,12.958784103393555,0.21840500831604004
SRR7409778,1590506.0,postnatal day 90,5,0,0,12.958784103393555,0.21840500831604004
SRR7409779,704631.0,postnatal day 90,5,0,0,12.958784103393555,0.21840500831604004
SRR7409780,551679.0,postnatal day 90,5,0,0,12.958784103393555,0.21840500831604004
SRR7409781,1246713.0,postnatal day 90,5,0,0,12.958784103393555,0.21840500831604004
SRR7409782,2349823.0,postnatal day 90,5,0,0,12.958784103393555,0.21840500831604004
SRR7409783,2881622.0,postnatal day 90,5,0,0,12.958784103393555,0.21840500831604004
SRR7409784,955201.0,postnatal day 90,5,0,0,12.958784103393555,0.21840500831604004
SRR7409785,1469748.0,postnatal day 90,5,0,0,12.958784103393555,0.21840500831604004
SRR7409786,1940172.0,postnatal day 90,5,0,0,12.958784103393555,0.21840500831604004
SRR7409787,1301457.0,postnatal day 90,5,0,0,12.958784103393555,0.21840500831604004
SRR7409788,1009698.0,postnatal day 90,5,0,0,12.958784103393555,0.21840500831604004
SRR7409789,1034332.0,postnatal day 90,5,0,0,12.958784103393555,0.21840500831604004
SRR7409790,1304134.0,postnatal day 90,5,0,0,12.958784103393555,0.21840500831604004
SRR7409791,1387671.0,postnatal day 90,5,0,0,12.958784103393555,0.21840500831604004
SRR7409793,868637.0,postnatal day 90,5,0,0,12.958784103393555,0.21840500831604004
SRR7409794,1502362.0,postnatal day 90,5,0,0,12.958784103393555,0.21840500831604004
SRR7409795,1040816.0,postnatal day 90,5,0,0,12.958784103393555,0.21840500831604004
SRR7409797,1434493.0,postnatal day 90,5,0,0,12.958784103393555,0.21840500831604004
SRR7409798,1598792.0,postnatal day 90,5,0,0,12.958784103393555,0.21840500831604004
SRR7409799,1318900.0,postnatal day 90,5,0,0,12.958784103393555,0.21840500831604004
SRR7409800,1720388.0,postnatal day 90,5,0,0,12.958784103393555,0.21840500831604004
SRR7409801,2131816.0,postnatal day 90,5,0,0,12.958784103393555,0.21840500831604004
SRR7409803,515770.0,postnatal day 90,5,0,0,12.958784103393555,0.21840500831604004
SRR7409804,1207412.0,postnatal day 90,5,0,0,12.958784103393555,0.21840500831604004
SRR7409805,1576834.0,postnatal day 90,5,0,0,12.958784103393555,0.21840500831604004
SRR7409806,1378741.0,postnatal day 90,5,0,0,12.958784103393555,0.21840500831604004
SRR7409807,2288932.0,postnatal day 90,5,0,0,12.958784103393555,0.21840500831604004
SRR7409808,1339447.0,postnatal day 90,5,0,0,12.958784103393555,0.21840500831604004
SRR7409809,1039848.0,postnatal day 90,5,0,0,12.958784103393555,0.21840500831604004
SRR7409810,2026421.0,postnatal day 90,5,0,0,12.958784103393555,0.21840500831604004
SRR7409811,952522.0,postnatal day 90,5,0,0,12.958784103393555,0.21840500831604004
SRR7409812,1854841.0,postnatal day 90,5,0,0,12.958784103393555,0.21840500831604004
SRR7409815,1717156.0,postnatal day 90,5,0,0,12.958784103393555,0.21840500831604004
SRR7409816,3777792.0,postnatal day 90,5,0,0,12.958784103393555,0.21840500831604004
SRR7409818,1155340.0,postnatal day 90,5,0,0,12.958784103393555,0.21840500831604004
SRR7409820,2929148.0,postnatal day 90,5,0,0,12.958784103393555,0.21840500831604004
SRR7409821,2642565.0,postnatal day 90,5,0,0,12.958784103393555,0.21840500831604004
SRR7409823,1373249.0,postnatal day 90,5,0,0,12.958784103393555,0.21840500831604004
SRR7409824,1174615.0,postnatal day 90,5,0,0,12.958784103393555,0.21840500831604004
SRR7409825,1979647.0,postnatal day 90,5,0,0,12.958784103393555,0.21840500831604004
SRR7409826,1948858.0,postnatal day 90,5,0,0,12.958784103393555,0.21840500831604004
SRR7409827,917131.0,postnatal day 90,5,0,0,12.958784103393555,0.21840500831604004
SRR7409828,1281185.0,postnatal day 90,5,0,0,12.958784103393555,0.21840500831604004
SRR7409830,1486634.0,postnatal day 90,5,0,0,12.958784103393555,0.21840500831604004
SRR7409831,1641755.0,postnatal day 90,5,0,0,12.958784103393555,0.21840500831604004
SRR7409832,1488895.0,postnatal day 90,5,0,0,12.958784103393555,0.21840500831604004
SRR7409833,2662168.0,postnatal day 90,5,0,0,12.958784103393555,0.21840500831604004
SRR7409834,2472171.0,postnatal day 90,5,0,0,12.958784103393555,0.21840500831604004
SRR7409835,1651003.0,postnatal day 90,5,0,0,12.958784103393555,0.21840500831604004
SRR7409837,1855705.0,postnatal day 90,5,0,0,12.958784103393555,0.21840500831604004
SRR7409838,2255733.0,postnatal day 90,5,0,0,12.958784103393555,0.21840500831604004
SRR7409839,1338196.0,postnatal day 90,5,0,0,12.958784103393555,0.21840500831604004
SRR7409840,1421715.0,postnatal day 90,5,0,0,12.958784103393555,0.21840500831604004
SRR7409841,1856168.0,postnatal day 90,5,0,0,12.958784103393555,0.21840500831604004
SRR7409842,980464.0,postnatal day 90,5,0,0,12.958784103393555,0.21840500831604004
SRR7409843,567053.0,postnatal day 90,5,0,0,12.958784103393555,0.21840500831604004
SRR7409844,2086911.0,postnatal day 90,5,0,0,12.958784103393555,0.21840500831604004
SRR7409845,2910485.0,postnatal day 90,5,0,0,12.958784103393555,0.21840500831604004
SRR7409846,1459052.0,postnatal day 90,5,0,0,12.958784103393555,0.21840500831604004
SRR7409847,1196395.0,postnatal day 90,5,0,0,12.958784103393555,0.21840500831604004
SRR7409848,1480080.0,postnatal day 90,5,0,0,12.958784103393555,0.21840500831604004
SRR7409849,681332.0,postnatal day 90,5,0,0,12.958784103393555,0.21840500831604004
SRR7409850,818988.0,postnatal day 90,5,0,0,12.958784103393555,0.21840500831604004
SRR7409851,988610.0,postnatal day 90,5,0,0,12.958784103393555,0.21840500831604004
SRR7409852,1860262.0,postnatal day 90,5,0,0,12.958784103393555,0.21840500831604004
SRR7409853,1790452.0,postnatal day 90,5,0,0,12.958784103393555,0.21840500831604004
SRR7409854,2893526.0,postnatal day 90,5,0,0,12.958784103393555,0.21840500831604004
SRR7409856,1383436.0,postnatal day 90,5,0,0,12.958784103393555,0.21840500831604004
SRR7409857,655589.0,postnatal day 90,5,0,0,12.958784103393555,0.21840500831604004
SRR7409858,1263043.0,postnatal day 90,5,0,0,12.958784103393555,0.21840500831604004
SRR7409859,852703.0,postnatal day 90,5,0,0,12.958784103393555,0.21840500831604004
SRR7409860,1091206.0,postnatal day 90,5,0,0,12.958784103393555,0.21840500831604004
SRR7409861,3177242.0,postnatal day 90,5,0,0,12.958784103393555,0.21840500831604004
SRR7409862,1511899.0,postnatal day 90,5,0,0,12.958784103393555,0.21840500831604004
SRR7409863,537750.0,postnatal day 90,5,0,0,12.958784103393555,0.21840500831604004
SRR7409864,1164696.0,postnatal day 90,5,0,0,12.958784103393555,0.21840500831604004
SRR7409865,1134172.0,postnatal day 90,5,0,0,12.958784103393555,0.21840500831604004
SRR7409866,1175810.0,postnatal day 90,5,0,0,12.958784103393555,0.21840500831604004
SRR7409868,1631421.0,postnatal day 90,5,0,0,12.958784103393555,0.21840500831604004
SRR7409870,1753301.0,postnatal day 90,5,0,0,12.958784103393555,0.21840500831604004
SRR7409872,1193487.0,postnatal day 90,5,0,0,12.958784103393555,0.21840500831604004
SRR7409873,1594675.0,postnatal day 90,5,0,0,12.958784103393555,0.21840500831604004
SRR7409875,927708.0,postnatal day 90,5,0,0,12.958784103393555,0.21840500831604004
SRR7409876,1974808.0,postnatal day 90,5,0,0,12.958784103393555,0.21840500831604004
SRR7409877,2188739.0,postnatal day 90,5,0,0,12.958784103393555,0.21840500831604004
SRR7409878,1861655.0,postnatal day 90,5,0,0,12.958784103393555,0.21840500831604004
SRR7409879,4704766.0,postnatal day 90,5,0,0,12.958784103393555,0.21840500831604004
SRR7409881,800273.0,postnatal day 90,5,0,0,12.958784103393555,0.21840500831604004
SRR7409882,1720020.0,postnatal day 90,5,0,0,12.958784103393555,0.21840500831604004
SRR7409883,997452.0,postnatal day 90,5,0,0,12.958784103393555,0.21840500831604004
SRR7409884,999102.0,postnatal day 90,5,0,0,12.958784103393555,0.21840500831604004
SRR7409885,2010273.0,postnatal day 90,5,0,0,12.958784103393555,0.21840500831604004
SRR7409886,1075047.0,postnatal day 90,5,0,0,12.958784103393555,0.21840500831604004
SRR7409887,1284207.0,postnatal day 90,5,0,0,12.958784103393555,0.21840500831604004
SRR7409888,1398353.0,postnatal day 90,5,0,0,12.958784103393555,0.21840500831604004
SRR7409890,1134296.0,postnatal day 90,5,0,0,12.958784103393555,0.21840500831604004
SRR7409891,964731.0,postnatal day 90,5,0,0,12.958784103393555,0.21840500831604004
SRR7409892,321562.0,postnatal day 90,5,0,0,12.958784103393555,0.21840500831604004
SRR7409893,1217238.0,postnatal day 90,5,0,0,12.958784103393555,0.21840500831604004
SRR7409895,1609389.0,postnatal day 90,5,0,0,12.958784103393555,0.21840500831604004
SRR7409896,1424193.0,postnatal day 90,5,0,0,12.958784103393555,0.21840500831604004
SRR7409897,1338698.0,postnatal day 90,5,0,0,12.958784103393555,0.21840500831604004
SRR7409898,731342.0,postnatal day 90,5,0,0,12.958784103393555,0.21840500831604004
SRR7409899,2668705.0,postnatal day 90,5,0,0,12.958784103393555,0.21840500831604004
SRR7409900,1522455.0,postnatal day 90,5,0,0,12.958784103393555,0.21840500831604004
SRR7409902,2895413.0,postnatal day 90,5,0,0,12.958784103393555,0.21840500831604004
SRR7409903,550129.0,postnatal day 90,5,0,0,12.958784103393555,0.21840500831604004
SRR7409904,1322455.0,postnatal day 90,5,0,0,12.958784103393555,0.21840500831604004
SRR7409905,619505.0,postnatal day 90,5,0,0,12.958784103393555,0.21840500831604004
SRR7409906,1546022.0,postnatal day 90,5,0,0,12.958784103393555,0.21840500831604004
SRR7409907,1382453.0,postnatal day 90,5,0,0,12.958784103393555,0.21840500831604004
SRR7409908,1029497.0,postnatal day 90,5,0,0,12.958784103393555,0.21840500831604004
SRR7409909,469112.0,postnatal day 90,5,0,0,12.958784103393555,0.21840500831604004
SRR7409910,1736643.0,postnatal day 90,5,0,0,12.958784103393555,0.21840500831604004
SRR7409911,1532000.0,postnatal day 90,5,0,0,12.958784103393555,0.21840500831604004
SRR7409912,1707538.0,postnatal day 90,5,0,0,12.958784103393555,0.21840500831604004
SRR7409913,1126932.0,postnatal day 90,5,0,0,12.958784103393555,0.21840500831604004
SRR7409914,2040977.0,postnatal day 90,5,0,0,12.958784103393555,0.21840500831604004
SRR7409917,993491.0,postnatal day 90,5,0,0,12.958784103393555,0.21840500831604004
SRR7409918,1792545.0,postnatal day 90,5,0,0,12.958784103393555,0.21840500831604004
SRR7409919,612544.0,postnatal day 90,5,0,0,12.958784103393555,0.21840500831604004
SRR7409921,1439146.0,postnatal day 90,5,0,0,12.958784103393555,0.21840500831604004
SRR7409922,1205472.0,postnatal day 90,5,0,0,12.958784103393555,0.21840500831604004
SRR7409923,3015830.0,postnatal day 90,5,0,0,12.958784103393555,0.21840500831604004
SRR7409925,957514.0,postnatal day 90,5,0,0,12.958784103393555,0.21840500831604004
SRR7409926,1554334.0,postnatal day 90,5,0,0,12.958784103393555,0.21840500831604004
SRR7409927,1615605.0,postnatal day 90,5,0,0,12.958784103393555,0.21840500831604004
SRR7409928,4005211.0,postnatal day 90,5,0,0,12.958784103393555,0.21840500831604004
SRR7409929,893091.0,postnatal day 90,5,0,0,12.958784103393555,0.21840500831604004
SRR7409931,1345236.0,postnatal day 90,5,0,0,12.958784103393555,0.21840500831604004
SRR7409932,1264690.0,postnatal day 90,5,0,0,12.958784103393555,0.21840500831604004
SRR7409933,720494.0,postnatal day 90,5,0,0,12.958784103393555,0.21840500831604004
SRR7409934,580934.0,postnatal day 90,5,0,0,12.958784103393555,0.21840500831604004
SRR7409935,648848.0,postnatal day 90,5,0,0,12.958784103393555,0.21840500831604004
SRR7409936,1555420.0,postnatal day 90,5,0,0,12.958784103393555,0.21840500831604004
SRR7409937,1074268.0,postnatal day 90,5,0,0,12.958784103393555,0.21840500831604004
SRR7409938,4747804.0,postnatal day 90,5,0,0,12.958784103393555,0.21840500831604004
SRR7409939,300630.0,postnatal day 90,5,0,0,12.958784103393555,0.21840500831604004
SRR7409940,2711576.0,postnatal day 90,5,0,0,12.958784103393555,0.21840500831604004
SRR7409941,952069.0,postnatal day 90,5,0,0,12.958784103393555,0.21840500831604004
SRR7409942,2671425.0,postnatal day 90,5,0,0,12.958784103393555,0.21840500831604004
SRR7409943,1467522.0,postnatal day 90,5,0,0,12.958784103393555,0.21840500831604004
SRR7409945,551285.0,postnatal day 90,5,0,0,12.958784103393555,0.21840500831604004
SRR7409946,604940.0,postnatal day 90,5,0,0,12.958784103393555,0.21840500831604004
SRR7409947,2328641.0,postnatal day 90,5,0,0,12.958784103393555,0.21840500831604004
SRR7409949,720307.0,postnatal day 90,5,0,0,12.958784103393555,0.21840500831604004
SRR7409950,1180128.0,postnatal day 90,5,0,0,12.958784103393555,0.21840500831604004
SRR7409951,4809348.0,postnatal day 90,5,0,0,12.958784103393555,0.21840500831604004
SRR7409952,1149002.0,postnatal day 90,5,0,0,12.958784103393555,0.21840500831604004
SRR7409953,744987.0,postnatal day 90,5,0,0,12.958784103393555,0.21840500831604004
SRR7409954,2084545.0,postnatal day 90,5,0,0,12.958784103393555,0.21840500831604004
SRR7409955,649803.0,postnatal day 90,5,0,0,12.958784103393555,0.21840500831604004
SRR7409957,1659778.0,postnatal day 90,5,0,0,12.958784103393555,0.21840500831604004
SRR7409958,1598534.0,postnatal day 90,5,0,0,12.958784103393555,0.21840500831604004
SRR7409959,1145645.0,postnatal day 90,5,0,0,12.958784103393555,0.21840500831604004
SRR7409960,1981315.0,postnatal day 90,5,0,0,12.958784103393555,0.21840500831604004
SRR7409961,2467114.0,postnatal day 90,5,0,0,12.958784103393555,0.21840500831604004
SRR7409962,2471381.0,postnatal day 90,5,0,0,12.958784103393555,0.21840500831604004
SRR7409963,1627049.0,postnatal day 90,5,0,0,12.958784103393555,0.21840500831604004
SRR7409964,3817096.0,postnatal day 90,5,0,0,12.958784103393555,0.21840500831604004
SRR7409965,2077042.0,postnatal day 90,5,0,0,12.958784103393555,0.21840500831604004
SRR7409966,2592026.0,postnatal day 90,5,0,0,12.958784103393555,0.21840500831604004
SRR7409968,825266.0,postnatal day 90,5,0,0,12.958784103393555,0.21840500831604004
SRR7409969,1331659.0,postnatal day 90,5,0,0,12.958784103393555,0.21840500831604004
SRR7409970,1238796.0,postnatal day 90,5,0,0,12.958784103393555,0.21840500831604004
SRR7409971,1079817.0,postnatal day 90,5,0,0,12.958784103393555,0.21840500831604004
SRR7409973,2492110.0,postnatal day 90,5,0,0,12.958784103393555,0.21840500831604004
SRR7409974,3683237.0,postnatal day 90,5,0,0,12.958784103393555,0.21840500831604004
SRR7409975,2029749.0,postnatal day 90,5,0,0,12.958784103393555,0.21840500831604004
SRR7409976,783912.0,postnatal day 90,5,0,0,12.958784103393555,0.21840500831604004
SRR7409977,1754778.0,postnatal day 90,5,0,0,12.958784103393555,0.21840500831604004
SRR7409978,981186.0,postnatal day 90,5,0,0,12.958784103393555,0.21840500831604004
SRR7409979,1513313.0,postnatal day 90,5,0,0,12.958784103393555,0.21840500831604004
SRR7409980,1018754.0,postnatal day 90,5,0,0,12.958784103393555,0.21840500831604004
SRR7409981,1035833.0,postnatal day 90,5,0,0,12.958784103393555,0.21840500831604004
SRR7409983,2385540.0,postnatal day 90,5,0,0,12.958784103393555,0.21840500831604004
SRR7409984,2180206.0,postnatal day 90,5,0,0,12.958784103393555,0.21840500831604004
SRR7409985,3344320.0,postnatal day 90,5,0,0,12.958784103393555,0.21840500831604004
SRR7409986,820440.0,postnatal day 90,5,0,0,12.958784103393555,0.21840500831604004
SRR7409987,2339080.0,postnatal day 90,5,0,0,12.958784103393555,0.21840500831604004
SRR7409989,1813470.0,postnatal day 90,5,0,0,12.958784103393555,0.21840500831604004
SRR7409990,2529746.0,postnatal day 90,5,0,0,12.958784103393555,0.21840500831604004
SRR7409991,2226302.0,postnatal day 90,5,0,0,12.958784103393555,0.21840500831604004
SRR7409992,1279511.0,postnatal day 90,5,0,0,12.958784103393555,0.21840500831604004
SRR7409993,602087.0,postnatal day 90,5,0,0,12.958784103393555,0.21840500831604004
SRR7409994,1555050.0,postnatal day 90,5,0,0,12.958784103393555,0.21840500831604004
SRR7409995,660209.0,postnatal day 90,5,0,0,12.958784103393555,0.21840500831604004
SRR7409996,1033418.0,postnatal day 90,5,0,0,12.958784103393555,0.21840500831604004
SRR7409997,3483387.0,postnatal day 90,5,0,0,12.958784103393555,0.21840500831604004
SRR7409998,1765701.0,postnatal day 90,5,0,0,12.958784103393555,0.21840500831604004
SRR7409999,1834571.0,postnatal day 90,5,0,0,12.958784103393555,0.21840500831604004
SRR7410000,1597293.0,postnatal day 90,5,0,0,12.958784103393555,0.21840500831604004
SRR7410002,2490601.0,postnatal day 90,5,0,0,12.958784103393555,0.21840500831604004
SRR7410003,1499052.0,postnatal day 90,5,0,0,12.958784103393555,0.21840500831604004
SRR7410004,1956072.0,postnatal day 90,5,0,0,12.958784103393555,0.21840500831604004
SRR7410005,1226451.0,postnatal day 90,5,0,0,12.958784103393555,0.21840500831604004
SRR7410006,2532476.0,postnatal day 90,5,0,0,12.958784103393555,0.21840500831604004
SRR7410007,1762646.0,postnatal day 90,5,0,0,12.958784103393555,0.21840500831604004
SRR7410011,1120507.0,postnatal day 90,5,0,0,12.958784103393555,0.21840500831604004
SRR7410012,1991975.0,postnatal day 90,5,0,0,12.958784103393555,0.21840500831604004
SRR7410013,1413549.0,postnatal day 90,5,0,0,12.958784103393555,0.21840500831604004
SRR7410014,1439869.0,postnatal day 90,5,0,0,12.958784103393555,0.21840500831604004
SRR7410015,1496220.0,postnatal day 90,5,0,0,12.958784103393555,0.21840500831604004
SRR7410016,778522.0,postnatal day 90,5,0,0,12.958784103393555,0.21840500831604004
SRR7410017,1256586.0,postnatal day 90,5,0,0,12.958784103393555,0.21840500831604004
SRR7410018,1544007.0,postnatal day 90,5,0,0,12.958784103393555,0.21840500831604004
SRR7410019,2479348.0,postnatal day 90,5,0,0,12.958784103393555,0.21840500831604004
SRR7410020,3762850.0,postnatal day 90,5,0,0,12.958784103393555,0.21840500831604004
SRR7410021,3057520.0,postnatal day 90,5,0,0,12.958784103393555,0.21840500831604004
SRR7410022,2802544.0,postnatal day 90,5,0,0,12.958784103393555,0.21840500831604004
SRR7410023,1584330.0,postnatal day 90,5,0,0,12.958784103393555,0.21840500831604004
SRR7410024,1839174.0,postnatal day 90,5,0,0,12.958784103393555,0.21840500831604004
SRR7410025,2159758.0,postnatal day 90,5,0,0,12.958784103393555,0.21840500831604004
SRR7410026,2118482.0,postnatal day 90,5,0,0,12.958784103393555,0.21840500831604004
SRR7410027,1836925.0,postnatal day 90,5,0,0,12.958784103393555,0.21840500831604004
SRR7410028,1918675.0,postnatal day 90,5,0,0,12.958784103393555,0.21840500831604004
SRR7410030,2216824.0,postnatal day 90,5,0,0,12.958784103393555,0.21840500831604004
SRR7410031,4210600.0,postnatal day 90,5,0,0,12.958784103393555,0.21840500831604004
SRR7410032,1418512.0,postnatal day 90,5,0,0,12.958784103393555,0.21840500831604004
SRR7410033,913940.0,postnatal day 90,5,0,0,12.958784103393555,0.21840500831604004
SRR7410034,1182285.0,postnatal day 90,5,0,0,12.958784103393555,0.21840500831604004
SRR7410035,817097.0,postnatal day 90,5,0,0,12.958784103393555,0.21840500831604004
SRR7410036,1332762.0,postnatal day 90,5,0,0,12.958784103393555,0.21840500831604004
SRR7410037,1345429.0,postnatal day 90,5,0,0,12.958784103393555,0.21840500831604004
SRR7410038,1588452.0,postnatal day 90,5,0,0,12.958784103393555,0.21840500831604004
SRR7410039,807141.0,postnatal day 90,5,0,0,12.958784103393555,0.21840500831604004
SRR7410040,667937.0,postnatal day 90,5,0,0,12.958784103393555,0.21840500831604004
SRR7410041,1873940.0,postnatal day 90,5,0,0,12.958784103393555,0.21840500831604004
SRR7410042,2913308.0,postnatal day 90,5,0,0,12.958784103393555,0.21840500831604004
SRR7410043,2771671.0,postnatal day 90,5,0,0,12.958784103393555,0.21840500831604004
SRR7410044,2861943.0,postnatal day 90,5,0,0,12.958784103393555,0.21840500831604004
SRR7410045,1779363.0,postnatal day 90,5,0,0,12.958784103393555,0.21840500831604004
SRR7410047,413059.0,postnatal day 90,5,0,0,12.958784103393555,0.21840500831604004
SRR7410049,3385337.0,postnatal day 90,5,0,0,12.958784103393555,0.21840500831604004
SRR7410050,1138144.0,postnatal day 90,5,0,0,12.958784103393555,0.21840500831604004
SRR7410052,2045929.0,postnatal day 90,5,0,0,12.958784103393555,0.21840500831604004
SRR7410053,2224911.0,postnatal day 90,5,0,0,12.958784103393555,0.21840500831604004
SRR7410054,1325552.0,postnatal day 90,5,0,0,12.958784103393555,0.21840500831604004
SRR7410055,2101173.0,postnatal day 90,5,0,0,12.958784103393555,0.21840500831604004
SRR7410056,2717655.0,postnatal day 90,5,0,0,12.958784103393555,0.21840500831604004
SRR7410057,2803856.0,postnatal day 90,5,0,0,12.958784103393555,0.21840500831604004
SRR7410058,2885455.0,postnatal day 90,5,0,0,12.958784103393555,0.21840500831604004
SRR7410060,2172178.0,postnatal day 90,5,0,0,12.958784103393555,0.21840500831604004
SRR7410061,1236919.0,postnatal day 90,5,0,0,12.958784103393555,0.21840500831604004
SRR7410062,2157392.0,postnatal day 90,5,0,0,12.958784103393555,0.21840500831604004
SRR7410063,4395650.0,postnatal day 90,5,0,0,12.958784103393555,0.21840500831604004
SRR7410064,1734630.0,postnatal day 90,5,0,0,12.958784103393555,0.21840500831604004
SRR7410066,1273976.0,postnatal day 90,5,0,0,12.958784103393555,0.21840500831604004
SRR7410067,3653026.0,postnatal day 90,5,0,0,12.958784103393555,0.21840500831604004
SRR7410068,1387245.0,postnatal day 90,5,0,0,12.958784103393555,0.21840500831604004
SRR7410069,1706876.0,postnatal day 90,5,0,0,12.958784103393555,0.21840500831604004
SRR7410070,1762236.0,postnatal day 90,5,0,0,12.958784103393555,0.21840500831604004
SRR7410071,2471150.0,postnatal day 90,5,0,0,12.958784103393555,0.21840500831604004
SRR7410072,2708570.0,postnatal day 90,5,0,0,12.958784103393555,0.21840500831604004
SRR7410073,3277630.0,postnatal day 90,5,0,0,12.958784103393555,0.21840500831604004
SRR7410074,2758926.0,postnatal day 90,5,0,0,12.958784103393555,0.21840500831604004
SRR7410075,1523623.0,postnatal day 90,5,0,0,12.958784103393555,0.21840500831604004
SRR7410076,1938571.0,postnatal day 90,5,0,0,12.958784103393555,0.21840500831604004
SRR7410077,3143514.0,postnatal day 90,5,0,0,12.958784103393555,0.21840500831604004
SRR7410078,1986805.0,postnatal day 90,5,0,0,12.958784103393555,0.21840500831604004
SRR7410079,2156136.0,postnatal day 90,5,0,0,12.958784103393555,0.21840500831604004
SRR7410080,1381479.0,postnatal day 90,5,0,0,12.958784103393555,0.21840500831604004
SRR7410081,2382618.0,postnatal day 90,5,0,0,12.958784103393555,0.21840500831604004
SRR7410082,2206913.0,postnatal day 90,5,0,0,12.958784103393555,0.21840500831604004
SRR7410083,3342665.0,postnatal day 90,5,0,0,12.958784103393555,0.21840500831604004
SRR7410084,1809416.0,postnatal day 90,5,0,0,12.958784103393555,0.21840500831604004
SRR7410085,2762905.0,postnatal day 90,5,0,0,12.958784103393555,0.21840500831604004
SRR7410086,1631850.0,postnatal day 90,5,0,0,12.958784103393555,0.21840500831604004
SRR7410088,785594.0,postnatal day 90,5,0,0,12.958784103393555,0.21840500831604004
SRR7410089,3796912.0,postnatal day 90,5,0,0,12.958784103393555,0.21840500831604004
SRR7410090,861420.0,postnatal day 90,5,0,0,12.958784103393555,0.21840500831604004
SRR7410091,2615472.0,postnatal day 90,5,0,0,12.958784103393555,0.21840500831604004
SRR7410092,2926984.0,postnatal day 90,5,0,0,12.958784103393555,0.21840500831604004
SRR7410093,946422.0,postnatal day 90,5,0,0,12.958784103393555,0.21840500831604004
SRR7410094,2021391.0,postnatal day 90,5,0,0,12.958784103393555,0.21840500831604004
SRR7410096,1090482.0,postnatal day 90,5,0,0,12.958784103393555,0.21840500831604004
SRR7410097,2638170.0,postnatal day 90,5,0,0,12.958784103393555,0.21840500831604004
